sample_idx,psnr,ssim,mse,post_std_mean,sigma_used,alpha,scaling
0,31.95921979810512,0.9427606018338933,0.0006229642312973738,0.019945820793509483,1.0,1.0,1.0
1,32.92136319610361,0.9547494761376681,0.0005097233806736767,0.017734741792082787,1.0,1.0,1.0
2,30.68752772823816,0.8902311571840086,0.0007956931367516518,0.016812795773148537,1.0,1.0,1.0
3,33.95450926250165,0.9285229419322514,0.00037146356771700084,0.015757177025079727,1.0,1.0,1.0
4,26.942314899572875,0.921394268798539,0.001992608653381467,0.0213682409375906,1.0,1.0,1.0
5,37.21687324352142,0.9674756462513724,0.00017554120859131217,0.01431433204561472,1.0,1.0,1.0
6,33.652586384740395,0.9716558803807102,0.00035296616260893643,0.017179610207676888,1.0,1.0,1.0
7,33.9020678134823,0.9089147694912519,0.00040309326141141355,0.01472196914255619,1.0,1.0,1.0
8,33.1188322272978,0.9691558400297805,0.0004835175641346723,0.015274051576852798,1.0,1.0,1.0
9,29.920829161099537,0.9098450005654211,0.001004203804768622,0.02274068258702755,1.0,1.0,1.0
10,35.00528488258743,0.9876862962579334,0.00031213651527650654,0.01687714271247387,1.0,1.0,1.0
11,41.61838935612303,0.9729930317554127,6.879025022499263e-05,0.013737887144088745,1.0,1.0,1.0
12,28.708993455327686,0.9345879306520793,0.0013370099477469921,0.02073407918214798,1.0,1.0,1.0
13,35.03239747196037,0.9641374516059616,0.0003129379474557936,0.01924228109419346,1.0,1.0,1.0
14,42.83621170699736,0.9829654288473391,5.197789869271219e-05,0.014124411158263683,1.0,1.0,1.0
15,44.53824141609526,0.9797833389665074,3.5113069316139445e-05,0.01108755636960268,1.0,1.0,1.0
16,35.233158575107055,0.9269372744579926,0.00029871356673538685,0.015241925604641438,1.0,1.0,1.0
17,42.6993292968616,0.983726414103134,5.365480319596827e-05,0.013008507899940014,1.0,1.0,1.0
18,29.440582675058277,0.8874633453302931,0.0010976948542520404,0.018342817202210426,1.0,1.0,1.0
19,37.890118932479815,0.9638645353009088,0.00015713347238488495,0.015156297944486141,1.0,1.0,1.0
20,34.142213364912195,0.9595659688245832,0.00032966784783639014,0.02048960141837597,1.0,1.0,1.0
21,35.377269142113605,0.9175849306282767,0.00028960173949599266,0.01762033812701702,1.0,1.0,1.0
22,36.971768307998104,0.982568739814409,0.00019700803386513144,0.019794782623648643,1.0,1.0,1.0
23,41.07297313782374,0.9694236558780336,7.795657438691705e-05,0.01351215410977602,1.0,1.0,1.0
24,31.718986097768802,0.9476050855928284,0.0006703670369461179,0.021289752796292305,1.0,1.0,1.0
25,40.52378579341496,0.977066402626296,8.82071180967614e-05,0.012492304667830467,1.0,1.0,1.0
26,25.83777448157616,0.7786318390616129,0.002171996980905533,0.027766460552811623,1.0,1.0,1.0
27,38.61940829894193,0.9574077914481438,0.00013725909229833633,0.012006869539618492,1.0,1.0,1.0
28,33.152591254312554,0.9506202088851555,0.00042219492024742067,0.022629108279943466,1.0,1.0,1.0
29,27.235965816367298,0.9057510471628869,0.0018874650122597814,0.018130170181393623,1.0,1.0,1.0
30,28.24604020595516,0.8718572412358003,0.001495319651439786,0.01948082447052002,1.0,1.0,1.0
31,34.81807410965643,0.9695890973426855,0.00032662192825227976,0.019139446318149567,1.0,1.0,1.0
32,38.45159497375868,0.9582062314607596,0.00014268464292399585,0.014614243991672993,1.0,1.0,1.0
33,36.3671239310351,0.9490306686929074,0.00023061489628162235,0.015432164072990417,1.0,1.0,1.0
34,41.1155586901055,0.9687595734655303,7.723233284195885e-05,0.015605093911290169,1.0,1.0,1.0
35,34.64395204509627,0.953782374340122,0.0003427914925850928,0.019768202677369118,1.0,1.0,1.0
36,34.205266246909936,0.9622684266837266,0.00037198583595454693,0.017544729635119438,1.0,1.0,1.0
37,33.997237062191694,0.9561477625056317,0.00039664492942392826,0.019519682973623276,1.0,1.0,1.0
38,34.00351562688822,0.9511784252828858,0.0003934754931833595,0.02012941800057888,1.0,1.0,1.0
39,26.365231218097414,0.8617460400844521,0.0022945094387978315,0.029438147321343422,1.0,1.0,1.0
40,32.290724218703375,0.9195281842256626,0.000589184055570513,0.015139968134462833,1.0,1.0,1.0
41,29.48039299991678,0.9307325758305219,0.0011206456692889333,0.027945706620812416,1.0,1.0,1.0
42,40.80005449229994,0.9758760541123871,8.25951065053232e-05,0.012321551330387592,1.0,1.0,1.0
43,39.94398819769249,0.9818348545192811,0.00010109012509929016,0.013240502215921879,1.0,1.0,1.0
44,31.22889122196947,0.941317410922395,0.0007292089285328984,0.017967551946640015,1.0,1.0,1.0
45,31.862701018859827,0.9151842197705102,0.0006335072102956474,0.014522855170071125,1.0,1.0,1.0
46,31.54996570701513,0.9683319084477007,0.0006785818841308355,0.01649714633822441,1.0,1.0,1.0
47,28.687599976164186,0.8838159855641616,0.0013336431002244353,0.019455602392554283,1.0,1.0,1.0
48,37.42918125142725,0.9892710093158933,0.00017989649495575577,0.019191419705748558,1.0,1.0,1.0
49,40.11795519669364,0.9862064736115798,9.697872155811638e-05,0.01892031729221344,1.0,1.0,1.0
50,33.033705357829334,0.9669367530459098,0.0004442890640348196,0.01663057692348957,1.0,1.0,1.0
51,31.35735700549546,0.8908964707468078,0.0007275834796018898,0.01682574488222599,1.0,1.0,1.0
52,32.75291665656047,0.9542185066900263,0.0004143179103266448,0.01781565696001053,1.0,1.0,1.0
53,37.03376338256333,0.9612352171368796,0.00019775584223680198,0.015625597909092903,1.0,1.0,1.0
54,27.9037663943171,0.9082753871213376,0.0016188992885872722,0.02171635627746582,1.0,1.0,1.0
55,32.59835084747958,0.9240055054318548,0.0005449937889352441,0.016831038519740105,1.0,1.0,1.0
56,34.6673171431217,0.9691086269077009,0.0003391459467820823,0.015295911580324173,1.0,1.0,1.0
57,31.933785685606342,0.9480668928616434,0.0004802974290214479,0.020660649985074997,1.0,1.0,1.0
58,37.74283956092845,0.9757747592018116,0.00016810852685011923,0.016869714483618736,1.0,1.0,1.0
59,35.924077862592135,0.9754515172004453,0.00025550441932864487,0.014580476097762585,1.0,1.0,1.0
60,36.6575259272951,0.9652229057100166,0.00020433276949916035,0.017210351303219795,1.0,1.0,1.0
61,35.105884771753665,0.9716080771480429,0.0002833362959790975,0.017757927998900414,1.0,1.0,1.0
62,31.725864303925423,0.9414822822768276,0.0006710757152177393,0.022478152066469193,1.0,1.0,1.0
63,31.800745649753665,0.9121146977459099,0.0006553714629262686,0.029435453936457634,1.0,1.0,1.0
64,29.119301376588634,0.8721657443072712,0.0012239264324307442,0.019176242873072624,1.0,1.0,1.0
65,27.295581637304288,0.889111204900355,0.0018265483668074012,0.01690967194736004,1.0,1.0,1.0
66,35.78020355785839,0.9483554239689505,0.0002640440361574292,0.013373540714383125,1.0,1.0,1.0
67,25.775941426324355,0.8460586131314898,0.0023917893413454294,0.02525664120912552,1.0,1.0,1.0
68,34.203798723768735,0.9619167683678761,0.0003250501467846334,0.019799895584583282,1.0,1.0,1.0
69,30.21817371052943,0.9446392550803068,0.0009447475313208997,0.024979332461953163,1.0,1.0,1.0
70,36.77502217947405,0.9585059101744271,0.00020989426411688328,0.013412193395197392,1.0,1.0,1.0
71,30.687547174919743,0.9527143181769717,0.0008207806386053562,0.0260896235704422,1.0,1.0,1.0
72,31.237310299894183,0.9385283679958006,0.0007516785408370197,0.016414709389209747,1.0,1.0,1.0
73,31.243071800415926,0.9248503564181281,0.0007384626078419387,0.020634343847632408,1.0,1.0,1.0
74,34.64972513259769,0.9688026673930348,0.00033419221290387213,0.021669311448931694,1.0,1.0,1.0
75,32.552924352231734,0.9700439824531445,0.0005543908337131143,0.018180523067712784,1.0,1.0,1.0
76,33.740449194100066,0.945764695684415,0.00042149980436079204,0.019527101889252663,1.0,1.0,1.0
77,34.69619843095562,0.9500979983331433,0.00033876768429763615,0.012996390461921692,1.0,1.0,1.0
78,37.016556678798565,0.9726358184319901,0.00019828352378681302,0.014777454547584057,1.0,1.0,1.0
79,33.95839545356858,0.9537701864176121,0.00037376227555796504,0.021478261798620224,1.0,1.0,1.0
80,31.85078109776701,0.9449233736908227,0.0006223954260349274,0.016843626275658607,1.0,1.0,1.0
81,27.110109090759728,0.8891396795421592,0.0019308015471324325,0.022728124633431435,1.0,1.0,1.0
82,36.58586644052235,0.9402234861386942,0.00021905964240431786,0.01580226607620716,1.0,1.0,1.0
83,44.54276826982788,0.9913276256330242,3.4784756280714646e-05,0.012283937074244022,1.0,1.0,1.0
84,31.598857807818483,0.9082880345739278,0.0006906951894052327,0.012666788883507252,1.0,1.0,1.0
85,31.529551432878925,0.9709672046089074,0.0006985287764109671,0.019511524587869644,1.0,1.0,1.0
86,29.325341542875165,0.9368635356585785,0.0011154798557981849,0.026384245604276657,1.0,1.0,1.0
87,35.41995952930754,0.9826374758876883,0.00027526626945473254,0.014973529614508152,1.0,1.0,1.0
88,39.473344181182064,0.971734408738997,0.00011278138845227659,0.012755749747157097,1.0,1.0,1.0
89,32.50527592467459,0.9404101783161747,0.0005560688441619277,0.017533697187900543,1.0,1.0,1.0
90,37.08299212255075,0.9686527041827931,0.00019261677516624331,0.01653694175183773,1.0,1.0,1.0
91,41.22980546391073,0.9705973554198833,7.523427484557033e-05,0.01205846481025219,1.0,1.0,1.0
92,41.33793848000372,0.9855656093841859,7.344070763792843e-05,0.011577426455914974,1.0,1.0,1.0
93,37.61505933938546,0.9468161108989126,0.00017308260430581868,0.015540814958512783,1.0,1.0,1.0
94,36.94891371462005,0.9572475583007092,0.00019614939810708165,0.01963506080210209,1.0,1.0,1.0
95,30.134446200303557,0.8793674022251484,0.0009675272740423679,0.019719239324331284,1.0,1.0,1.0
96,39.13862610093574,0.9736356433438689,0.00012183225771877915,0.01307735126465559,1.0,1.0,1.0
97,43.18848091432752,0.9786444621081815,4.793194239027798e-05,0.014344410970807076,1.0,1.0,1.0
98,33.080253418481604,0.9544263240046054,0.00048547153710387647,0.02333964966237545,1.0,1.0,1.0
99,40.933883583926175,0.9778130598696885,8.060593972913921e-05,0.013047103770077229,1.0,1.0,1.0
100,41.998742260499924,0.9805541411657328,6.307688454398885e-05,0.014366110786795616,1.0,1.0,1.0
101,34.88528248381063,0.9359640556476987,0.00014688793453387916,0.012842565774917603,1.0,1.0,1.0
102,29.652400886552726,0.9423902927137627,0.0009172054124064744,0.01858670823276043,1.0,1.0,1.0
103,37.80908838062355,0.9774446662888315,0.0001655804371694103,0.010753493756055832,1.0,1.0,1.0
104,32.35443672271602,0.9453298647429552,0.0005528087494894862,0.023148713633418083,1.0,1.0,1.0
105,28.979807740185176,0.9036902450121194,0.0012602005153894424,0.023514244705438614,1.0,1.0,1.0
106,37.54870935871314,0.9736297761231384,0.0001755395787768066,0.015946529805660248,1.0,1.0,1.0
107,35.76536064573532,0.9435502061864478,0.0002651181712280959,0.013114769011735916,1.0,1.0,1.0
108,37.97711551569938,0.9771279000953009,0.00015916374104563147,0.016970457509160042,1.0,1.0,1.0
109,38.40694432583618,0.9523195243787532,0.0001441647909814492,0.022865120321512222,1.0,1.0,1.0
110,35.69078930060456,0.9671065930500088,0.0002693241403903812,0.01417439803481102,1.0,1.0,1.0
111,32.38611927727288,0.9649456243335401,0.00045467328163795173,0.016146430745720863,1.0,1.0,1.0
112,35.76871207345287,0.9700789029476443,0.00026202824665233493,0.021050505340099335,1.0,1.0,1.0
113,41.57489129004315,0.9781727981595063,6.957064033485949e-05,0.012436612509191036,1.0,1.0,1.0
114,32.612692670509,0.9403773673317012,0.0005385950207710266,0.02117057517170906,1.0,1.0,1.0
115,32.11491860458201,0.9360536850981176,0.0006129734101705253,0.019702667370438576,1.0,1.0,1.0
116,35.762595031028205,0.9743132331976581,0.0002642827166710049,0.0205239150673151,1.0,1.0,1.0
117,42.68315919088374,0.9808895198937786,5.3904139349469915e-05,0.012280014343559742,1.0,1.0,1.0
118,26.912427488235902,0.8987936529153583,0.002017152262851596,0.020079461857676506,1.0,1.0,1.0
119,33.01973150554239,0.9715628528235128,0.000495289103128016,0.01737658865749836,1.0,1.0,1.0
120,37.17223169439957,0.9697561390751779,0.00019090660498477519,0.017226772382855415,1.0,1.0,1.0
121,36.91195408583214,0.9676506431125512,0.0001977011124836281,0.016413381323218346,1.0,1.0,1.0
122,34.18669998600149,0.9263505523599553,0.0003494002448860556,0.01426362432539463,1.0,1.0,1.0
123,37.74695515841224,0.9628349802888337,0.00016778561985120177,0.01857045665383339,1.0,1.0,1.0
124,34.22997798576532,0.9505000329558172,0.0003772736235987395,0.013413912616670132,1.0,1.0,1.0
125,28.784809940315917,0.9021560071138098,0.0013159819645807147,0.020650940015912056,1.0,1.0,1.0
126,30.3073235059402,0.8777474826682355,0.0008760194177739322,0.02120121940970421,1.0,1.0,1.0
127,31.05145812249998,0.9669567545639473,0.0007759793661534786,0.01893269270658493,1.0,1.0,1.0
128,35.25844254923396,0.9710903315352213,0.00029573729261755943,0.014990695752203465,1.0,1.0,1.0
129,36.79527733671725,0.9725054650729901,0.00019063314539380372,0.015322758816182613,1.0,1.0,1.0
130,29.326465751987527,0.9489790957547932,0.0011445918353274465,0.017754200845956802,1.0,1.0,1.0
131,33.61866651001406,0.9760542045375264,0.0003903110045939684,0.017291883006691933,1.0,1.0,1.0
132,37.56337103709198,0.9750114480193063,0.00017485630814917386,0.01627976819872856,1.0,1.0,1.0
133,35.74029349604829,0.9622478468499317,0.0002648686058819294,0.01807326450943947,1.0,1.0,1.0
134,33.07381113578263,0.9639434898570103,0.0004807052609976381,0.024375125765800476,1.0,1.0,1.0
135,28.801205794604037,0.9474505791815442,0.0011690390529111028,0.015486749820411205,1.0,1.0,1.0
136,35.69572072752099,0.9638044858357117,0.0002640102757140994,0.020177040249109268,1.0,1.0,1.0
137,44.71462129339389,0.9904508144893637,3.373601066414267e-05,0.011420264840126038,1.0,1.0,1.0
138,41.71842395986764,0.988833505410405,6.729832966811955e-05,0.011789478361606598,1.0,1.0,1.0
139,40.92897560379824,0.9808521283669368,8.07236647233367e-05,0.013990466482937336,1.0,1.0,1.0
140,33.44871868277534,0.9741416636727542,0.00040909452945925295,0.015441653318703175,1.0,1.0,1.0
141,37.16590433981087,0.9399177715532151,0.00019125343533232808,0.01285744272172451,1.0,1.0,1.0
142,38.219092068935424,0.9742705544612541,0.0001503361272625625,0.021009400486946106,1.0,1.0,1.0
143,34.87556064421955,0.9586682845256892,0.0003247236891184002,0.023941155523061752,1.0,1.0,1.0
144,41.52927464483754,0.9782910010516951,7.02370161889121e-05,0.013578847981989384,1.0,1.0,1.0
145,32.34770969096761,0.9309073664551702,0.0005806469707749784,0.02368352934718132,1.0,1.0,1.0
146,33.1525336963921,0.9359563710571673,0.00048280906048603356,0.021014714613556862,1.0,1.0,1.0
147,36.3895742248322,0.9845675412254068,0.00022905260266270489,0.021280437707901,1.0,1.0,1.0
148,30.285014424686167,0.9305620416883529,0.0007989946170710027,0.01962888054549694,1.0,1.0,1.0
149,29.617039831758703,0.901575320468537,0.0009854126255959272,0.02043425850570202,1.0,1.0,1.0
150,36.99201922995237,0.9706556879760557,0.00019958156917709857,0.014040368609130383,1.0,1.0,1.0
151,30.467357815526242,0.9158628090699006,0.000806352065410465,0.020648233592510223,1.0,1.0,1.0
152,41.109905792906005,0.970840929858425,7.7404263720382e-05,0.01281192060559988,1.0,1.0,1.0
153,39.71616581483849,0.9853140450360482,0.00010667389869922772,0.012784075923264027,1.0,1.0,1.0
154,35.587397792799244,0.9412666093154404,0.0002758724440354854,0.013027762994170189,1.0,1.0,1.0
155,40.295520983064094,0.9698394023966125,9.320971730630845e-05,0.019847584888339043,1.0,1.0,1.0
156,37.56509914039461,0.9655978655052382,0.0001747296191751957,0.01308836042881012,1.0,1.0,1.0
157,30.16878371906488,0.9272957034601269,0.0009585243533365428,0.022317960858345032,1.0,1.0,1.0
158,33.78164743548487,0.983746158249361,0.0003907076024916023,0.017353668808937073,1.0,1.0,1.0
159,29.631215224267603,0.8974753942463636,0.0010817494476214051,0.01616423949599266,1.0,1.0,1.0
160,36.731454442770385,0.9372717538027725,0.00021219681366346776,0.013927902095019817,1.0,1.0,1.0
161,37.111246930854094,0.9852075375793397,0.00019396502466406673,0.014635823667049408,1.0,1.0,1.0
162,42.422497427374125,0.9754328260926762,5.7130288041662425e-05,0.014446849003434181,1.0,1.0,1.0
163,34.62472759200442,0.9616475412766262,0.00034263270208612084,0.02267959900200367,1.0,1.0,1.0
164,36.20491963299506,0.9632796269425329,0.00023865421826485544,0.01840592734515667,1.0,1.0,1.0
165,27.03392932401032,0.8775883963198916,0.0018736887723207474,0.016961045563220978,1.0,1.0,1.0
166,30.26208248842888,0.9061177083590501,0.0009411813807673752,0.02089877985417843,1.0,1.0,1.0
167,29.933004411560475,0.914397307675451,0.0010117623023688793,0.017888076603412628,1.0,1.0,1.0
168,37.06996220946504,0.9628764464605457,0.00019619883096311241,0.013812660239636898,1.0,1.0,1.0
169,39.5927102372799,0.9774629253167486,0.00010972349991789088,0.012275301851332188,1.0,1.0,1.0
170,40.220258966250775,0.9786533108067587,9.487540955888107e-05,0.011702262796461582,1.0,1.0,1.0
171,34.93095918676802,0.9723788011353943,0.0003122438210994005,0.023731760680675507,1.0,1.0,1.0
172,31.14562356308799,0.8968652949627139,0.0007661895942874253,0.015109183266758919,1.0,1.0,1.0
173,31.213462058438193,0.9322519250698503,0.000752591120544821,0.01868610829114914,1.0,1.0,1.0
174,29.815904836285853,0.9249306319836985,0.0010377105791121721,0.017048392444849014,1.0,1.0,1.0
175,31.610292393778977,0.9418039245394484,0.0005200926680117846,0.021215220913290977,1.0,1.0,1.0
176,30.933378618560145,0.9254185308909411,0.0008060844847932458,0.01979612000286579,1.0,1.0,1.0
177,42.64373559792948,0.9951185775830403,5.4364281822927296e-05,0.010568871162831783,1.0,1.0,1.0
178,30.613884879421498,0.9289565424870226,0.0008164313621819019,0.01980527676641941,1.0,1.0,1.0
179,31.44333837984236,0.9100871033220714,0.0007139965309761465,0.014289284124970436,1.0,1.0,1.0
180,33.08219601712585,0.9069077366765039,0.00048297506873495877,0.013967437669634819,1.0,1.0,1.0
181,33.26120688799856,0.9564615341078325,0.00046961387852206826,0.015007409267127514,1.0,1.0,1.0
182,36.790525827966654,0.9677025896446132,0.00020924294949509203,0.012682021595537663,1.0,1.0,1.0
183,26.580203096198392,0.9000757890758253,0.002194827888160944,0.01840481162071228,1.0,1.0,1.0
184,37.204059762202654,0.9737704203716865,0.00018885608005803078,0.01802365481853485,1.0,1.0,1.0
185,32.4857413851617,0.9726542759190772,0.0005627578357234597,0.01684906706213951,1.0,1.0,1.0
186,39.333043886916414,0.9643435462102125,0.00011653909314190969,0.01608418859541416,1.0,1.0,1.0
187,38.53547013276982,0.9806856154257545,0.0001394604187225923,0.024262050166726112,1.0,1.0,1.0
188,39.86716956477692,0.9779613863434585,0.00010290164937032387,0.011724168434739113,1.0,1.0,1.0
189,32.545288313984855,0.9527954981423015,0.0005499994149431586,0.020054344087839127,1.0,1.0,1.0
190,35.83235759495767,0.97605347610295,0.00026053618057630956,0.013799921609461308,1.0,1.0,1.0
191,42.48520817593946,0.9775823299860499,5.639591836370528e-05,0.012919828295707703,1.0,1.0,1.0
192,40.28760021432659,0.9813275700598433,9.328683518106118e-05,0.012934473343193531,1.0,1.0,1.0
193,33.8831019191623,0.9621330655273146,0.00039973179809749126,0.01706009916961193,1.0,1.0,1.0
194,35.83928993806139,0.9506976698958713,0.0002602269814815372,0.019734719768166542,1.0,1.0,1.0
195,31.12683236659354,0.9544212850593069,0.0007687961333431304,0.01709892973303795,1.0,1.0,1.0
196,32.70759845390522,0.9490388952314823,0.0005252551054582,0.022687649354338646,1.0,1.0,1.0
197,33.69448110512005,0.9659849501861754,0.0004256047832313925,0.021640941500663757,1.0,1.0,1.0
198,36.34501022192295,0.9618869846604065,0.00023135622905101627,0.01897231489419937,1.0,1.0,1.0
199,34.93772490571227,0.9562999031345972,0.00030488744960166514,0.017801079899072647,1.0,1.0,1.0
200,32.91402856920884,0.9544379464605337,0.0005023696576245129,0.02300354465842247,1.0,1.0,1.0
201,29.98238639288202,0.9303773681645668,0.0009815333178266883,0.020781446248292923,1.0,1.0,1.0
202,31.249431072968807,0.9116849895043854,0.000746953533962369,0.01870783418416977,1.0,1.0,1.0
203,37.92713516354772,0.9782878590595857,0.00015788163000252098,0.02036665380001068,1.0,1.0,1.0
204,38.403261504451834,0.9613032443881404,0.00014423216634895653,0.01423274353146553,1.0,1.0,1.0
205,36.24340529435735,0.9654678459076443,0.00023686548229306936,0.021560896188020706,1.0,1.0,1.0
206,43.145579043951756,0.9893335811370912,4.839111352339387e-05,0.013420270755887032,1.0,1.0,1.0
207,40.82832033383248,0.9739691901133156,8.260762842837721e-05,0.016431236639618874,1.0,1.0,1.0
208,35.387921293366865,0.9772489244277879,0.0002888914605136961,0.01927025243639946,1.0,1.0,1.0
209,39.333300315453926,0.979595572617524,0.00011645929771475494,0.011299575679004192,1.0,1.0,1.0
210,34.80353189099422,0.9667484127177296,0.00032765380456112325,0.02355857938528061,1.0,1.0,1.0
211,35.42884802005512,0.969501145191729,0.00028215363272465765,0.014602181501686573,1.0,1.0,1.0
212,37.37259558768959,0.9637992408268838,0.00018297057249583304,0.013606658205389977,1.0,1.0,1.0
213,28.618602121315895,0.9011968916764539,0.001223931205458939,0.0193693395704031,1.0,1.0,1.0
214,40.87931833612471,0.9751622583274994,8.15518869785592e-05,0.013797237537801266,1.0,1.0,1.0
215,33.45761267184935,0.9431203786818113,0.00041868872358463705,0.020922647789120674,1.0,1.0,1.0
216,27.35852424688655,0.8597818079637123,0.0015864362940192223,0.020076530054211617,1.0,1.0,1.0
217,31.31853526646931,0.9083555583727726,0.0007345388876274228,0.01696867123246193,1.0,1.0,1.0
218,37.134629727523226,0.98402972683941,0.0001929937134264037,0.012804361060261726,1.0,1.0,1.0
219,37.975850820801874,0.976740969208495,0.00015924144827295095,0.015278446488082409,1.0,1.0,1.0
220,30.714503336520067,0.9422658072367418,0.0008408924331888556,0.02229274809360504,1.0,1.0,1.0
221,41.39540054547219,0.9662874498864937,7.241081038955599e-05,0.013644606806337833,1.0,1.0,1.0
222,31.360074372017884,0.9307847866678939,0.0007067541591823101,0.01673508621752262,1.0,1.0,1.0
223,41.42684769729452,0.9849278797213876,7.193694909801707e-05,0.014958903193473816,1.0,1.0,1.0
224,33.06186420109255,0.958907887700972,0.0004697592230513692,0.019121496006846428,1.0,1.0,1.0
225,34.63496718674864,0.9287662016971746,0.000343820545822382,0.01681806519627571,1.0,1.0,1.0
226,37.36804900708694,0.9660283088245812,0.00018323655240237713,0.012876123189926147,1.0,1.0,1.0
227,40.76270053604606,0.9791208318020415,8.37564148241654e-05,0.011494633741676807,1.0,1.0,1.0
228,37.00140205354977,0.9632899670624265,0.0001989665615838021,0.025261465460062027,1.0,1.0,1.0
229,27.357273645374242,0.921459439987657,0.0011870324378833175,0.017535312101244926,1.0,1.0,1.0
230,30.86752637742226,0.9112611782022966,0.0007413015118800104,0.025436189025640488,1.0,1.0,1.0
231,36.21778636885393,0.9521460315112651,0.0002383360842941329,0.012799113988876343,1.0,1.0,1.0
232,38.714582736944706,0.9500604605050402,0.00013415873399935663,0.0164482444524765,1.0,1.0,1.0
233,34.099420607982076,0.9571422619804725,0.0003886327613145113,0.01778905652463436,1.0,1.0,1.0
234,34.17743362344672,0.9702921837791262,0.0003669372817967087,0.027310600504279137,1.0,1.0,1.0
235,40.01438337329247,0.9816084688508228,9.932393004419282e-05,0.01620185747742653,1.0,1.0,1.0
236,33.54584342751966,0.9191198435778296,0.0004414345312397927,0.014065893366932869,1.0,1.0,1.0
237,36.801438018607975,0.9751208587266097,0.00020663721079472452,0.01773845963180065,1.0,1.0,1.0
238,30.757129299971414,0.917482972280598,0.0008296472951769829,0.027284782379865646,1.0,1.0,1.0
239,39.7288337332576,0.9677609622524619,0.00010636157094268128,0.013674510642886162,1.0,1.0,1.0
240,35.708217468019946,0.9584483073176614,0.00026778486790135503,0.0155789190903306,1.0,1.0,1.0
241,37.58820832871359,0.97651122671132,0.00017399052740074694,0.012854084372520447,1.0,1.0,1.0
242,32.478581796921844,0.9415288221175611,0.0005641005700454116,0.01677733287215233,1.0,1.0,1.0
243,32.79104023376127,0.936832031671446,0.0004977417993359268,0.015236534178256989,1.0,1.0,1.0
244,33.992542678318216,0.9084351853082117,0.00039827177533879876,0.01868264563381672,1.0,1.0,1.0
245,33.444549975581445,0.9071694412917453,0.0003948336816392839,0.018963035196065903,1.0,1.0,1.0
246,31.359941660945022,0.9502632649705752,0.000719873933121562,0.017355263233184814,1.0,1.0,1.0
247,32.90014390944779,0.9514304959706354,0.0005121101858094335,0.021151073276996613,1.0,1.0,1.0
248,33.67507418852951,0.97256056721427,0.0003661498485598713,0.01526320818811655,1.0,1.0,1.0
249,40.732624430394594,0.9606074679400715,8.424998668488115e-05,0.014535431750118732,1.0,1.0,1.0
250,41.93651580032835,0.9833496684291169,6.394146475940943e-05,0.014522349461913109,1.0,1.0,1.0
251,34.030441903931425,0.9761595172717229,0.00034199250512756407,0.013869572430849075,1.0,1.0,1.0
252,36.64431873599955,0.9735076968607149,0.00021411722991615534,0.017955495044589043,1.0,1.0,1.0
253,35.8020975359816,0.9307611168134415,0.0002578489948064089,0.012703380547463894,1.0,1.0,1.0
254,33.560174331133894,0.9482328237041108,0.0004377845907583833,0.018575962632894516,1.0,1.0,1.0
255,26.35861915525057,0.8582081911894752,0.001786307548172772,0.018941765651106834,1.0,1.0,1.0
256,31.980979189340466,0.9547337615022472,0.0005176771082915366,0.013231612741947174,1.0,1.0,1.0
257,41.50893497855472,0.979310617892704,7.059965719236061e-05,0.014000230468809605,1.0,1.0,1.0
258,35.50810833102078,0.9648259546534688,0.00026674679247662425,0.017592722550034523,1.0,1.0,1.0
259,31.951993359233764,0.9141319700246686,0.0006204513483680785,0.021593693643808365,1.0,1.0,1.0
260,40.057004995537035,0.9556346193524952,9.855097596300766e-05,0.012174022383987904,1.0,1.0,1.0
261,35.30074979180853,0.9575090351196388,0.0002939121623057872,0.01505760196596384,1.0,1.0,1.0
262,35.51529297770348,0.9705199510843269,0.0002498882240615785,0.014903383329510689,1.0,1.0,1.0
263,35.250588989100166,0.9737847450701568,0.0002981703437399119,0.020480019971728325,1.0,1.0,1.0
264,37.880917108034375,0.9714912714665396,0.00016269288607873023,0.012470517307519913,1.0,1.0,1.0
265,34.39546265742496,0.9401803654113975,0.00035894193570129573,0.0114991944283247,1.0,1.0,1.0
266,36.01887932174999,0.9587493931568998,0.0002498443063814193,0.014173952862620354,1.0,1.0,1.0
267,28.862300326414484,0.8960930739267046,0.0012389903422445059,0.020087335258722305,1.0,1.0,1.0
268,43.19489061735278,0.9807175665909291,4.7891848225845024e-05,0.012949913740158081,1.0,1.0,1.0
269,34.6116338002328,0.9591998160039186,0.00031362977460958064,0.019873226061463356,1.0,1.0,1.0
270,37.002878608273335,0.9841201299084475,0.0001987469440791756,0.01958446018397808,1.0,1.0,1.0
271,36.5656794636362,0.9748519505648052,0.00021880154963582754,0.01536676473915577,1.0,1.0,1.0
272,31.134567255847845,0.9429344734248116,0.000752390653360635,0.018103472888469696,1.0,1.0,1.0
273,33.7658554017013,0.9689251445656714,0.0004190931795164943,0.014502652920782566,1.0,1.0,1.0
274,35.75481528109996,0.9806682698128762,0.00026236625853925943,0.022200560197234154,1.0,1.0,1.0
275,32.240268998131924,0.9298317563653731,0.0005947022582404315,0.01820746436715126,1.0,1.0,1.0
276,36.656578800097606,0.958285469215813,0.00021383987041190267,0.01266451831907034,1.0,1.0,1.0
277,29.141512878701235,0.9274550845348675,0.0012064599432051182,0.020874759182333946,1.0,1.0,1.0
278,38.10306358086157,0.978039336724301,0.00014953127538319677,0.012489954940974712,1.0,1.0,1.0
279,36.70564538897662,0.9696021545274708,0.00021284451941028237,0.01654881425201893,1.0,1.0,1.0
280,35.63722652300592,0.9737091190859261,0.0002504615986254066,0.015383634716272354,1.0,1.0,1.0
281,36.86111150560775,0.9643319958688304,0.0002056123485090211,0.01803186722099781,1.0,1.0,1.0
282,32.264891895671674,0.9602793657958077,0.0005934609216637909,0.011819599196314812,1.0,1.0,1.0
283,38.536999643959064,0.9783182130324951,0.00013994243636261672,0.015966149047017097,1.0,1.0,1.0
284,28.386307892223975,0.9354432638430866,0.0014288919046521187,0.024561814963817596,1.0,1.0,1.0
285,34.221617506982945,0.9675052559043601,0.0003706141433212906,0.021163035184144974,1.0,1.0,1.0
286,43.46972384357101,0.9788545085918793,4.484343298827298e-05,0.01150764524936676,1.0,1.0,1.0
287,30.785759516893705,0.933098566648238,0.0008297302410937846,0.016220025718212128,1.0,1.0,1.0
288,39.696616522957086,0.9926938081181332,0.00010661706619430333,0.011265219189226627,1.0,1.0,1.0
289,33.97625993453967,0.9685687740766842,0.0003924708580598235,0.016574984416365623,1.0,1.0,1.0
290,35.28047847130378,0.9514853401269122,0.0002962315920740366,0.013152171857655048,1.0,1.0,1.0
291,25.304544122171833,0.8673275924362583,0.0029210124630481005,0.02746613882482052,1.0,1.0,1.0
292,25.20365033786142,0.884081616237475,0.002936170669272542,0.021661952137947083,1.0,1.0,1.0
293,25.47986106240765,0.8596870592295291,0.002801901660859585,0.02330411598086357,1.0,1.0,1.0
294,33.9713829988889,0.9467912481326929,0.00031032529659569263,0.019542256370186806,1.0,1.0,1.0
295,33.523157973557986,0.9577094066053844,0.00043840150465257466,0.02426469884812832,1.0,1.0,1.0
296,34.942457689141705,0.9705033067102525,0.0003164119552820921,0.022425232455134392,1.0,1.0,1.0
297,33.035151205289075,0.9584110721761228,0.00048253234126605093,0.017454465851187706,1.0,1.0,1.0
298,36.32490667790474,0.9518620339871007,0.00023288092052098364,0.012724420987069607,1.0,1.0,1.0
299,33.09713248015158,0.9297440399908844,0.0004893778241239488,0.014502004720270634,1.0,1.0,1.0
300,38.68595996751519,0.9449250713236806,0.00013448223762679845,0.013376732356846333,1.0,1.0,1.0
301,31.762007981231868,0.9358584746926008,0.0006426578038372099,0.017223583534359932,1.0,1.0,1.0
302,35.79259445961487,0.9588799389315648,0.0002634419943206012,0.016339413821697235,1.0,1.0,1.0
303,33.552993299954814,0.9742071866927624,0.00043852897942997515,0.0251506045460701,1.0,1.0,1.0
304,26.799788383188385,0.8912374313021612,0.0020754062570631504,0.026461713016033173,1.0,1.0,1.0
305,34.640747689454315,0.9710024093326769,0.00034037261502817273,0.0171701367944479,1.0,1.0,1.0
306,36.233266065535986,0.9815403420412749,0.00023461073578801006,0.018383966758847237,1.0,1.0,1.0
307,31.87728192658186,0.9446155428732634,0.0006185311358422041,0.016653262078762054,1.0,1.0,1.0
308,35.98415594401789,0.9599332828439918,0.000240179113461636,0.01826048083603382,1.0,1.0,1.0
309,40.71560301759695,0.9786351278993244,8.472066838294268e-05,0.011552100069820881,1.0,1.0,1.0
310,32.16962586744821,0.9649988463142708,0.0005867676809430122,0.021234197542071342,1.0,1.0,1.0
311,40.00274406550638,0.9674697695040482,9.862193110166118e-05,0.011571995913982391,1.0,1.0,1.0
312,35.72905213818062,0.9652935555445028,0.00026587783941067755,0.014414867386221886,1.0,1.0,1.0
313,39.47026923522204,0.9782415853411544,0.00011284801439614967,0.01455551665276289,1.0,1.0,1.0
314,37.042803179861295,0.948948716216166,0.0001946416887221858,0.014786876738071442,1.0,1.0,1.0
315,40.388293107344424,0.9747507550414378,9.123238851316273e-05,0.011387541890144348,1.0,1.0,1.0
316,29.062054801414952,0.9210006280987686,0.001206698827445507,0.016700666397809982,1.0,1.0,1.0
317,35.77037873625818,0.9770368921067816,0.0002494433138053864,0.01650058478116989,1.0,1.0,1.0
318,43.54853191806643,0.9762321687981071,4.383653504191898e-05,0.014341394416987896,1.0,1.0,1.0
319,37.189558542406985,0.9610358379412177,0.00019097326730843633,0.016492020338773727,1.0,1.0,1.0
320,28.18409480126039,0.9097937877223634,0.0015045175096020103,0.01964985951781273,1.0,1.0,1.0
321,42.4708430665682,0.9826431518922281,5.655776840285398e-05,0.012606789357960224,1.0,1.0,1.0
322,38.63758464667147,0.9749543312379573,0.0001356366992695257,0.02045089192688465,1.0,1.0,1.0
323,30.282673486813472,0.9466982887802171,0.0009269390720874071,0.017264295369386673,1.0,1.0,1.0
324,28.210960634235516,0.8844342416763148,0.001501799444667995,0.026404358446598053,1.0,1.0,1.0
325,33.35380899701757,0.952190387428914,0.0003675741609185934,0.0159712266176939,1.0,1.0,1.0
326,34.787630108057485,0.9666079432464236,0.0003319219686090946,0.01562623120844364,1.0,1.0,1.0
327,30.503270310891327,0.9350309447780389,0.0008857338689267635,0.018210511654615402,1.0,1.0,1.0
328,26.42590905063795,0.8606303914523274,0.002169805346056819,0.017179057002067566,1.0,1.0,1.0
329,33.76348204879906,0.937630021394883,0.0004201596602797508,0.012330174446105957,1.0,1.0,1.0
330,31.48942674332553,0.937336824434522,0.0006965593784116209,0.019377872347831726,1.0,1.0,1.0
331,36.06341542888612,0.9302506298807106,0.00024724085233174264,0.014408160001039505,1.0,1.0,1.0
332,33.48915349020685,0.9451811087728161,0.0004462930664885789,0.0187287088483572,1.0,1.0,1.0
333,29.161605346030726,0.9290030763419181,0.0012115323916077614,0.01768477074801922,1.0,1.0,1.0
334,40.28349739013039,0.9866013946424943,9.361853881273419e-05,0.013950999826192856,1.0,1.0,1.0
335,40.663822415723246,0.9824729152292905,8.372684533242136e-05,0.01927320472896099,1.0,1.0,1.0
336,39.63992947723301,0.98860647693138,0.0001042791482177563,0.012008937075734138,1.0,1.0,1.0
337,34.4555046854444,0.9222572703102855,0.00035702716559171677,0.025997281074523926,1.0,1.0,1.0
338,28.437918200191206,0.9123955571772175,0.0014077930245548487,0.01733260229229927,1.0,1.0,1.0
339,38.53434678539608,0.9649435485241276,0.00013994881010148674,0.013316112570464611,1.0,1.0,1.0
340,35.6260652531634,0.9386195927719951,0.0002638046280480921,0.021670695394277573,1.0,1.0,1.0
341,37.257518674078526,0.9630319467823572,0.00018596978043206036,0.01914965733885765,1.0,1.0,1.0
342,29.803009822095227,0.9471723749369606,0.0007379340240731835,0.0160882156342268,1.0,1.0,1.0
343,29.338165977615066,0.9410461589885766,0.0008735478040762246,0.020183322951197624,1.0,1.0,1.0
344,36.60110128042211,0.91529525408158,0.000218381333979778,0.013942076824605465,1.0,1.0,1.0
345,31.59709020735656,0.9326444907119676,0.0006607552641071379,0.02023058384656906,1.0,1.0,1.0
346,35.03242752811008,0.9684771289212785,0.00030518334824591875,0.022164179012179375,1.0,1.0,1.0
347,31.010813067310018,0.9685536812610301,0.0007722204318270087,0.019612617790699005,1.0,1.0,1.0
348,41.849473501249264,0.9762050503224781,6.523394404212013e-05,0.012494378723204136,1.0,1.0,1.0
349,39.521028707420086,0.962138801144188,0.000111608904262539,0.014144512824714184,1.0,1.0,1.0
350,35.43481777394371,0.9590926375682202,0.00028583643143065274,0.014569071121513844,1.0,1.0,1.0
351,39.83232805165042,0.9674156759514774,0.00010384075721958652,0.013396484777331352,1.0,1.0,1.0
352,37.08131660615682,0.9756531642348159,0.0001958231150638312,0.015773121267557144,1.0,1.0,1.0
353,28.03482816035909,0.9221071729857486,0.0015668133273720741,0.01945706456899643,1.0,1.0,1.0
354,39.21628525580259,0.9827664467449405,0.00011971450294367969,0.013742237351834774,1.0,1.0,1.0
355,30.68441181322111,0.9489734998920507,0.0008526272722519934,0.016832392662763596,1.0,1.0,1.0
356,27.678091311459823,0.8930926749853262,0.0017024829285219312,0.020481865853071213,1.0,1.0,1.0
357,30.817845983994324,0.9670463783668414,0.0008169117500074208,0.025547219440340996,1.0,1.0,1.0
358,31.20990075884352,0.9113457743001581,0.0007227410096675158,0.016604198142886162,1.0,1.0,1.0
359,40.29637086169199,0.9624760937257079,9.338068775832653e-05,0.015153850428760052,1.0,1.0,1.0
360,39.58099799908237,0.9476244783084705,0.00011006217391695827,0.01439125556498766,1.0,1.0,1.0
361,35.204895502777845,0.968653657426529,0.00027474964736029506,0.015008403919637203,1.0,1.0,1.0
362,31.38484506839656,0.9204252864016937,0.000726834055967629,0.020069170743227005,1.0,1.0,1.0
363,39.3748030280339,0.9706413469193705,0.00011538262333488092,0.013795283623039722,1.0,1.0,1.0
364,38.59417598728116,0.9699210209389466,0.00013814838894177228,0.012934342958033085,1.0,1.0,1.0
365,28.673948100507147,0.8850271035854631,0.0012777455849573016,0.019999025389552116,1.0,1.0,1.0
366,34.72647156779455,0.9791546895930887,0.00033403708948753774,0.018320394679903984,1.0,1.0,1.0
367,30.537437420201545,0.8964568426985374,0.0008808717248030007,0.017538826912641525,1.0,1.0,1.0
368,40.48999916470028,0.9881343213212749,8.917768718674779e-05,0.014660466462373734,1.0,1.0,1.0
369,29.084294260872532,0.9057093245900929,0.0012303630355745554,0.024095382541418076,1.0,1.0,1.0
370,41.82932649173742,0.9728463994813901,6.554740684805438e-05,0.01316055003553629,1.0,1.0,1.0
371,29.126607768599897,0.941570697802093,0.0010435004951432347,0.016982438042759895,1.0,1.0,1.0
372,31.680108126818784,0.9431883971734497,0.0006266942946240306,0.018073854967951775,1.0,1.0,1.0
373,43.065197247473535,0.9921853896787908,4.9275768105871975e-05,0.011481533758342266,1.0,1.0,1.0
374,33.561058394731745,0.9059212315842986,0.0004176578077021986,0.015140517614781857,1.0,1.0,1.0
375,29.57589204764309,0.9225351487731386,0.0010920275235548615,0.017208341509103775,1.0,1.0,1.0
376,35.20050642575776,0.9509634296991262,0.00029789991094730794,0.010782815515995026,1.0,1.0,1.0
377,34.34615656852212,0.961456942692076,0.0003592663269955665,0.018909893929958344,1.0,1.0,1.0
378,33.93741761632387,0.9641061217915285,0.00038505796692334116,0.01871662400662899,1.0,1.0,1.0
379,33.65609549272324,0.9472054685182462,0.0004303497262299061,0.01618112064898014,1.0,1.0,1.0
380,32.31576929707548,0.9600395381650565,0.0005771392025053501,0.019153067842125893,1.0,1.0,1.0
381,34.21327714363943,0.9391796056900108,0.00037261180114001036,0.023364385589957237,1.0,1.0,1.0
382,34.462519353901754,0.965370829783234,0.000355340976966545,0.02066119946539402,1.0,1.0,1.0
383,36.24085498689402,0.9704518971735971,0.00021993994596414268,0.01584290899336338,1.0,1.0,1.0
384,41.53340557688618,0.981721523030439,7.016951713012531e-05,0.012644249945878983,1.0,1.0,1.0
385,33.1390071905796,0.9320841515869271,0.00048395144403912127,0.01756940595805645,1.0,1.0,1.0
386,32.158130299254914,0.9635615539578462,0.0006019922439008951,0.014792189933359623,1.0,1.0,1.0
387,30.502770816658725,0.9287011208091032,0.0008860097732394934,0.025928281247615814,1.0,1.0,1.0
388,33.51024811217971,0.9783360101705488,0.0004411920381244272,0.01897255703806877,1.0,1.0,1.0
389,30.609882640289193,0.8923176285475338,0.0008612332167103887,0.016037827357649803,1.0,1.0,1.0
390,44.198961613758875,0.9824986275981331,3.799382102442905e-05,0.01406874693930149,1.0,1.0,1.0
391,40.49443736741149,0.9733268365310073,8.898616943042725e-05,0.016346696764230728,1.0,1.0,1.0
392,31.269203785767942,0.9448432722527791,0.0007450651028193533,0.021000808104872704,1.0,1.0,1.0
393,28.633955056175104,0.9386585376795354,0.0013131177984178066,0.022367864847183228,1.0,1.0,1.0
394,32.984297316599516,0.9582960200414323,0.0005016041686758399,0.01586548238992691,1.0,1.0,1.0
395,35.25321402584356,0.9714827129484699,0.00029250833904370666,0.02082706242799759,1.0,1.0,1.0
396,35.60746686914155,0.9152135446598471,0.0002732623543124646,0.014359853230416775,1.0,1.0,1.0
397,35.096576011323386,0.9692506298530459,0.00030581202008761466,0.021952088922262192,1.0,1.0,1.0
398,30.698678062189124,0.9432723824130861,0.0008462218684144318,0.015910612419247627,1.0,1.0,1.0
399,39.50108548905786,0.9691496033171505,0.00011204138718312606,0.013062931597232819,1.0,1.0,1.0
400,31.790213384559124,0.9003046029569318,0.0006614334997721016,0.014603142626583576,1.0,1.0,1.0
401,33.29827734855181,0.9361508374628145,0.0003822970320470631,0.021551743149757385,1.0,1.0,1.0
402,32.220753930349815,0.920013451735394,0.0005709945689886808,0.015365076251327991,1.0,1.0,1.0
403,32.30106136281045,0.9451171595245692,0.0005865079583600163,0.021965179592370987,1.0,1.0,1.0
404,40.921695120511615,0.9814735617953804,8.085331501206383e-05,0.01235754694789648,1.0,1.0,1.0
405,32.98935675997685,0.9478955558617479,0.0005019141244702041,0.017729545012116432,1.0,1.0,1.0
406,27.547493045720376,0.9126089631749934,0.0017543165013194084,0.02307313121855259,1.0,1.0,1.0
407,36.28530032859046,0.9539733385269302,0.00023494020570069551,0.017935656011104584,1.0,1.0,1.0
408,24.483057046671163,0.8645435890935648,0.0032487011048942804,0.021865924820303917,1.0,1.0,1.0
409,40.29031412461065,0.9790990017085376,9.257918281946331e-05,0.012956764549016953,1.0,1.0,1.0
410,39.529044890495555,0.9894484596478804,0.00011136604007333517,0.013208653777837753,1.0,1.0,1.0
411,30.390944279828453,0.8877569977866853,0.0009010634967125952,0.015559018589556217,1.0,1.0,1.0
412,31.384482207658962,0.9260643820890578,0.0007262915023602545,0.01486816443502903,1.0,1.0,1.0
413,35.991653294267444,0.9783183371934605,0.0002515624219086021,0.014169312082231045,1.0,1.0,1.0
414,43.602002974519934,0.9915623489086842,4.354614793555811e-05,0.011989361606538296,1.0,1.0,1.0
415,38.92128716979722,0.9637684190955293,0.00012812855129595846,0.014376095496118069,1.0,1.0,1.0
416,35.79345905425606,0.9653885474945616,0.0002616284473333508,0.0192332211881876,1.0,1.0,1.0
417,39.348096837070194,0.9835584851825693,0.00011360903590684757,0.01532222330570221,1.0,1.0,1.0
418,31.26277579378362,0.9142111575594258,0.0007434961153194308,0.012795642949640751,1.0,1.0,1.0
419,40.13133885999964,0.975212763583574,9.692303137853742e-05,0.016149550676345825,1.0,1.0,1.0
420,29.75580029654867,0.9233092740519305,0.001056610606610775,0.020972102880477905,1.0,1.0,1.0
421,34.44631897433303,0.9639370575916287,0.00035310632665641606,0.012639216147363186,1.0,1.0,1.0
422,35.79628267900994,0.9420781489961442,0.0002631114621181041,0.018046585842967033,1.0,1.0,1.0
423,31.52166362230087,0.9204200860574242,0.0007019061595201492,0.019194157794117928,1.0,1.0,1.0
424,41.91261276491338,0.9732051331499905,6.412846414605156e-05,0.013763663358986378,1.0,1.0,1.0
425,34.25339541757428,0.9611268660555314,0.00036742212250828743,0.014589152298867702,1.0,1.0,1.0
426,34.95231915073096,0.9861786077481428,0.00030781401437707245,0.021755652502179146,1.0,1.0,1.0
427,37.4002333753647,0.963249984463548,0.00018154812278226018,0.016370657831430435,1.0,1.0,1.0
428,38.20382980306996,0.9822664464928663,0.0001503758830949664,0.014692121185362339,1.0,1.0,1.0
429,34.1916740822567,0.9374764095242178,0.00037068736855871975,0.02239764668047428,1.0,1.0,1.0
430,41.9457184735559,0.9874518653156834,6.337877857731655e-05,0.01011223066598177,1.0,1.0,1.0
431,28.643053121588494,0.9018891672723925,0.0012912075035274029,0.01802372746169567,1.0,1.0,1.0
432,31.41287726938671,0.9124488225403762,0.0007207798189483583,0.017861822620034218,1.0,1.0,1.0
433,33.62834833824756,0.9703472699235713,0.000424704747274518,0.014630149118602276,1.0,1.0,1.0
434,36.74742884140312,0.9493367954631123,0.0002114043163601309,0.013740388676524162,1.0,1.0,1.0
435,35.7739231633285,0.9569191692360476,0.00026282129692845047,0.022811003029346466,1.0,1.0,1.0
436,33.58328871967921,0.9723044504383647,0.0004346773202996701,0.02770163305103779,1.0,1.0,1.0
437,28.218151720748494,0.9239228794541521,0.0014756566379219294,0.018765654414892197,1.0,1.0,1.0
438,35.586347662549684,0.9672747693333095,0.0002760700590442866,0.013178503140807152,1.0,1.0,1.0
439,31.1932275141244,0.9214664367926225,0.0007569005829282105,0.018831251189112663,1.0,1.0,1.0
440,41.1316811390506,0.9843948343989772,7.695089880144224e-05,0.012652300298213959,1.0,1.0,1.0
441,39.627663044316236,0.9628912209388026,0.00010892585123656318,0.015616563148796558,1.0,1.0,1.0
442,32.703200303167264,0.9501114030987585,0.0005355936591513455,0.015475728549063206,1.0,1.0,1.0
443,33.087850829198004,0.9381697008509278,0.00048291258281096816,0.02311570942401886,1.0,1.0,1.0
444,31.747510212349756,0.9318603294717976,0.0006683146930299699,0.016052646562457085,1.0,1.0,1.0
445,39.4451282495637,0.9800252682991687,0.00011336407624185085,0.01299945916980505,1.0,1.0,1.0
446,32.05863497129935,0.9419794375486806,0.0006216418696567416,0.016080262139439583,1.0,1.0,1.0
447,33.283248985756956,0.9300688881892231,0.00043471346725709736,0.01400559488683939,1.0,1.0,1.0
448,36.44575556458133,0.9738564696105272,0.00020277631119824946,0.018661808222532272,1.0,1.0,1.0
449,26.359968506411736,0.9130967463930383,0.002113797003403306,0.022063827142119408,1.0,1.0,1.0
450,35.43545266389407,0.9541231361712772,0.00028593954630196095,0.013471548445522785,1.0,1.0,1.0
451,37.03196671702702,0.9470021647811551,0.0001968192809727043,0.014349734410643578,1.0,1.0,1.0
452,38.247761776873986,0.9899309437925724,0.00014922153786756098,0.014837514609098434,1.0,1.0,1.0
453,31.470262420703445,0.909765340157153,0.0007085896795615554,0.016630761325359344,1.0,1.0,1.0
454,33.893821483300485,0.9729411923956084,0.00039869200554676354,0.019843250513076782,1.0,1.0,1.0
455,36.82603109826374,0.9509088624926174,0.00020673079416155815,0.017338784411549568,1.0,1.0,1.0
456,30.773163646241898,0.9344247199856398,0.0008280439651571214,0.020070048049092293,1.0,1.0,1.0
457,31.892447800230816,0.9427716718511838,0.0005539847770705819,0.020356526598334312,1.0,1.0,1.0
458,44.8194523525849,0.9712903821077755,3.2904939871514216e-05,0.017638755962252617,1.0,1.0,1.0
459,33.162715273181234,0.9486229163397515,0.0004819810565095395,0.01566026359796524,1.0,1.0,1.0
460,26.665927743660497,0.9089936336403438,0.002137875184416771,0.028036778792738914,1.0,1.0,1.0
461,42.17585910802336,0.9918515328683105,6.052928802091628e-05,0.01241718977689743,1.0,1.0,1.0
462,32.576775704442866,0.967674852347903,0.0005422159447334707,0.01778283528983593,1.0,1.0,1.0
463,35.278813623966634,0.9702365734721116,0.0002941489510703832,0.02420549839735031,1.0,1.0,1.0
464,33.16415227390389,0.9283229126426765,0.0004041077627334744,0.02184963971376419,1.0,1.0,1.0
465,26.33320196642042,0.8864697447975077,0.002277387073263526,0.018579553812742233,1.0,1.0,1.0
466,30.256592401948236,0.9302494245666868,0.0009279435034841299,0.022140445187687874,1.0,1.0,1.0
467,31.182533750423612,0.9244312634879014,0.0007603414705954492,0.019161123782396317,1.0,1.0,1.0
468,32.53178492282097,0.9674681665066349,0.0005536000826396048,0.019382139667868614,1.0,1.0,1.0
469,37.30941509325333,0.9622316800434646,0.00017253980331588537,0.014429588802158833,1.0,1.0,1.0
470,38.51629019775037,0.9798175652729592,0.00013872036652173847,0.014134399592876434,1.0,1.0,1.0
471,28.878043004735797,0.9094020627146843,0.0012902526650577784,0.017312360927462578,1.0,1.0,1.0
472,31.557142560124905,0.9462525585610554,0.0006497928989119828,0.01765899732708931,1.0,1.0,1.0
473,30.058728835320807,0.9476284693428714,0.0009776107035577297,0.023659227415919304,1.0,1.0,1.0
474,32.196608691312946,0.9114566817725898,0.0006017938139848411,0.01592959649860859,1.0,1.0,1.0
475,36.65304738482588,0.9445317432330489,0.00020299921743571758,0.014672025106847286,1.0,1.0,1.0
476,38.20172124754267,0.9791854448055213,0.00014936536899767816,0.018510539084672928,1.0,1.0,1.0
477,34.89428236556543,0.9781574936289537,0.00029154212097637355,0.01427636481821537,1.0,1.0,1.0
478,34.223599753824836,0.9025957699167332,0.0003778226673603058,0.02098950371146202,1.0,1.0,1.0
479,32.842638468040136,0.9362664503632623,0.0005188267678022385,0.017652951180934906,1.0,1.0,1.0
480,38.90039965621695,0.9486347025046962,0.00012859019625466317,0.011949049308896065,1.0,1.0,1.0
481,34.230578543978304,0.9396782895306008,0.00037374571547843516,0.016100987792015076,1.0,1.0,1.0
482,37.87301707580625,0.9621134501573378,0.00016295498062390834,0.013543941080570221,1.0,1.0,1.0
483,30.292629871523253,0.941256771461944,0.0009235175675712526,0.01857268437743187,1.0,1.0,1.0
484,33.49023197014311,0.9569309525522408,0.0004465020901989192,0.019188718870282173,1.0,1.0,1.0
485,32.142068243968666,0.9650461171341386,0.0006012439262121916,0.0292816162109375,1.0,1.0,1.0
486,29.006073661530056,0.9361267400130829,0.001226881518959999,0.01944618672132492,1.0,1.0,1.0
487,34.9529335386022,0.9738023706141886,0.00031547746038995683,0.013465032912790775,1.0,1.0,1.0
488,38.278264443980284,0.9821783516736715,0.0001482767693232745,0.018379947170615196,1.0,1.0,1.0
489,34.473826792483855,0.9770450873456135,0.00035026445402763784,0.02008153684437275,1.0,1.0,1.0
490,29.74228762616614,0.9162410327605327,0.0009591921116225421,0.026996079832315445,1.0,1.0,1.0
491,35.0011224565492,0.9455750374694357,0.0003151735872961581,0.01804598979651928,1.0,1.0,1.0
492,32.35433231781013,0.9346697422828606,0.0005808749701827765,0.01680045574903488,1.0,1.0,1.0
493,41.56587077625901,0.9798566276290223,6.968091474846005e-05,0.013638831675052643,1.0,1.0,1.0
494,38.97454137108666,0.9631279895487708,0.0001264610473299399,0.012853573076426983,1.0,1.0,1.0
495,37.95976669767087,0.9669946523458227,0.00015958603762555867,0.0122943464666605,1.0,1.0,1.0
496,32.86263533443575,0.9726847712838613,0.00044793973211199045,0.016522426158189774,1.0,1.0,1.0
497,30.223047654692444,0.9207082600827772,0.0009187309187836945,0.017418576404452324,1.0,1.0,1.0
498,37.56175026454539,0.9709897491508102,0.00017498229863122106,0.01290561631321907,1.0,1.0,1.0
499,27.050860353835553,0.8800392670595828,0.0019505450036376715,0.019836384803056717,1.0,1.0,1.0
500,29.935094784750753,0.9422820232985436,0.0009845764143392444,0.025645771995186806,1.0,1.0,1.0
501,34.254821648462645,0.9544712826648056,0.00037511164555326104,0.01587986946105957,1.0,1.0,1.0
502,28.802051423557216,0.8812615491115364,0.0012206888059154153,0.01664409600198269,1.0,1.0,1.0
503,28.313740890150967,0.8763004009854226,0.0014721476472914219,0.022271987050771713,1.0,1.0,1.0
504,26.947492158774644,0.872028535622642,0.001994740916416049,0.019005676731467247,1.0,1.0,1.0
505,28.35908946264182,0.9159294941632694,0.0014563959557563066,0.018734445795416832,1.0,1.0,1.0
506,27.073864148124343,0.8539840778781888,0.0019470562692731619,0.02017892524600029,1.0,1.0,1.0
507,33.415802939072016,0.9411024508192382,0.00043785906746052206,0.013120518065989017,1.0,1.0,1.0
508,36.288039326541785,0.979600513175176,0.00023083682754077017,0.020766742527484894,1.0,1.0,1.0
509,40.34129447001561,0.9761131311025781,9.157728345599025e-05,0.014447445049881935,1.0,1.0,1.0
510,32.13157923376649,0.9654745869300068,0.0005511165945790708,0.02110610343515873,1.0,1.0,1.0
511,37.27437239146616,0.9743109560341904,0.00018642433860804886,0.02384004555642605,1.0,1.0,1.0
512,26.533568684700345,0.8510137360237378,0.0018915195250883698,0.020441612228751183,1.0,1.0,1.0
513,33.60964222942775,0.9705125657674328,0.0004333564720582217,0.018518196418881416,1.0,1.0,1.0
514,41.189592127129885,0.9622275249184838,7.590472523588687e-05,0.013043845072388649,1.0,1.0,1.0
515,32.721812656322456,0.9459374108350806,0.0005172120872884989,0.01716744527220726,1.0,1.0,1.0
516,32.15523276662636,0.9763592204350067,0.0005838068900629878,0.02082899771630764,1.0,1.0,1.0
517,35.737498752751605,0.9695676407085729,0.0002479158283676952,0.015620012767612934,1.0,1.0,1.0
518,31.9210444970042,0.9195695688815401,0.0006194086745381355,0.024356743320822716,1.0,1.0,1.0
519,34.69750669241356,0.9610932355802372,0.0002833865291904658,0.020698068663477898,1.0,1.0,1.0
520,30.68380402089286,0.91960626933988,0.0008465807768516243,0.023465080186724663,1.0,1.0,1.0
521,39.60426640870149,0.9841322129355865,0.00010947875853162259,0.01541950274258852,1.0,1.0,1.0
522,30.783744908122518,0.9309480221496589,0.0008336981409229338,0.014501260593533516,1.0,1.0,1.0
523,29.177097127364114,0.8802547501261953,0.0007275408133864403,0.025016823783516884,1.0,1.0,1.0
524,38.176793612342884,0.9743867813310633,0.00015211416757665575,0.013017147779464722,1.0,1.0,1.0
525,28.039551690563144,0.8867993517169706,0.0014902298571541905,0.018460750579833984,1.0,1.0,1.0
526,28.507077250133,0.8946248534898648,0.001401818823069334,0.02283010259270668,1.0,1.0,1.0
527,27.745837062697056,0.9261606248139843,0.0016623931005597115,0.019773418083786964,1.0,1.0,1.0
528,36.166311601701715,0.9753569555310273,0.00023731078545097262,0.016563424840569496,1.0,1.0,1.0
529,39.70611568749203,0.9608875957958716,0.00010691881470847875,0.013985284604132175,1.0,1.0,1.0
530,37.246400819171164,0.9835217346747717,0.00018516945419833064,0.016788946464657784,1.0,1.0,1.0
531,41.616349543115646,0.9803962950028625,6.886049231979996e-05,0.013040472753345966,1.0,1.0,1.0
532,31.339860953520112,0.9343425414387533,0.0007311227382160723,0.02380341663956642,1.0,1.0,1.0
533,23.284344861823527,0.8527568818957646,0.004648864269256592,0.023813396692276,1.0,1.0,1.0
534,35.971209111062954,0.9541808466731703,0.0002519250847399235,0.02523096464574337,1.0,1.0,1.0
535,34.96687236414831,0.9280500831572633,0.0002653406118042767,0.012716585770249367,1.0,1.0,1.0
536,33.42225667057228,0.9753877529634165,0.0004537645145319402,0.017677336931228638,1.0,1.0,1.0
537,39.13246820475333,0.9697834878883126,0.00012204828817630187,0.013832537457346916,1.0,1.0,1.0
538,39.52195968441028,0.985933087589325,0.00011091489432146773,0.01346647460013628,1.0,1.0,1.0
539,31.093181327492807,0.9329321851667451,0.0007740389555692673,0.01922554522752762,1.0,1.0,1.0
540,31.590047189563574,0.9488903677400482,0.0006720829987898469,0.01880231872200966,1.0,1.0,1.0
541,35.61038819964993,0.9795828560988108,0.000273264420684427,0.01276635006070137,1.0,1.0,1.0
542,32.571596449296315,0.9560838799973637,0.000549157673958689,0.02471022680401802,1.0,1.0,1.0
543,35.32137448036317,0.958855655878567,0.0002901255211327225,0.020263681188225746,1.0,1.0,1.0
544,39.591290349393816,0.9711299017033279,0.00010976771591231227,0.011985412798821926,1.0,1.0,1.0
545,36.24723209040947,0.9576179384877684,0.00023500932729803026,0.020824672654271126,1.0,1.0,1.0
546,29.52971682304063,0.9192557433010747,0.001100602326914668,0.023660726845264435,1.0,1.0,1.0
547,30.632128066843258,0.9484721723524902,0.0008270835387520492,0.01822204701602459,1.0,1.0,1.0
548,31.87594781864181,0.9095902227737986,0.0006334100035019219,0.014702764339745045,1.0,1.0,1.0
549,29.56909497726216,0.9279344338919848,0.0010871316771954298,0.03042634017765522,1.0,1.0,1.0
550,36.94245046950258,0.9561261683779358,0.0001970502344192937,0.018274737522006035,1.0,1.0,1.0
551,31.166696374136972,0.9173903926006558,0.0006180900963954628,0.017144188284873962,1.0,1.0,1.0
552,36.864841377896084,0.9527338531418051,0.00020579357806127518,0.014508436433970928,1.0,1.0,1.0
553,34.394533474812754,0.9706209459264212,0.00029340694891288877,0.012805772945284843,1.0,1.0,1.0
554,25.85845784177735,0.865725818088609,0.0023858980275690556,0.023945407941937447,1.0,1.0,1.0
555,35.94966600738529,0.9518078332545834,0.0002537660766392946,0.015531370416283607,1.0,1.0,1.0
556,27.31799949113245,0.9184503850668392,0.0018456341931596398,0.020222486928105354,1.0,1.0,1.0
557,28.60985527746252,0.9027631300606287,0.001345801050774753,0.030162831768393517,1.0,1.0,1.0
558,42.341890486085546,0.9881265490509039,5.82616739848163e-05,0.012521822936832905,1.0,1.0,1.0
559,39.22725098516994,0.9790165680619216,0.00011938790703425184,0.014193529263138771,1.0,1.0,1.0
560,38.086737470669746,0.9557516435190067,0.00015519399312324822,0.017105285078287125,1.0,1.0,1.0
561,31.841350983551024,0.9583211273216364,0.0006446775514632463,0.01866363175213337,1.0,1.0,1.0
562,33.66349593879983,0.9557283267040494,0.0004132812318857759,0.021420465782284737,1.0,1.0,1.0
563,32.25308047924132,0.9392687408493829,0.0005946781602688134,0.016040388494729996,1.0,1.0,1.0
564,32.23790682013504,0.9392245776559177,0.0005967934848740697,0.015253078192472458,1.0,1.0,1.0
565,26.64539166065252,0.9120126597091202,0.002088753040879965,0.019754432141780853,1.0,1.0,1.0
566,29.138734443776162,0.9388297918617631,0.0008547552861273289,0.022894879803061485,1.0,1.0,1.0
567,36.92223423527186,0.9703842972792585,0.0002030772011494264,0.013893731869757175,1.0,1.0,1.0
568,29.79309369199614,0.9321398066570146,0.0010165366111323237,0.021987397223711014,1.0,1.0,1.0
569,38.49132027940072,0.9814877223273426,0.00014151546929497272,0.013727320358157158,1.0,1.0,1.0
570,32.11633208160081,0.9552199071574998,0.0006005074828863144,0.018349507823586464,1.0,1.0,1.0
571,38.454707294512026,0.9607336789877053,0.0001422804780304432,0.010623948648571968,1.0,1.0,1.0
572,28.42392198189147,0.8816666579488146,0.001241177786141634,0.02199528180062771,1.0,1.0,1.0
573,38.16804751984872,0.9755456246766266,0.0001520067307865247,0.013537612743675709,1.0,1.0,1.0
574,33.4714161350539,0.9482888787277466,0.0004416976007632911,0.014468698762357235,1.0,1.0,1.0
575,37.984681822056515,0.9757488519183991,0.0001589994935784489,0.015249486081302166,1.0,1.0,1.0
576,31.48322355068959,0.9095932957576924,0.000709849817212671,0.014375555329024792,1.0,1.0,1.0
577,29.832112460644254,0.9298884562890443,0.000994961243122816,0.022738758474588394,1.0,1.0,1.0
578,30.13665426681641,0.9296745190279648,0.0009635077440179884,0.020509814843535423,1.0,1.0,1.0
579,35.23063087208832,0.9840395696945604,0.00029774062568321824,0.018622221425175667,1.0,1.0,1.0
580,29.76007605617289,0.9262729660988477,0.0010553817264735699,0.01686088927090168,1.0,1.0,1.0
581,37.435610886237036,0.9595554856866044,0.0001804362836992368,0.013213284313678741,1.0,1.0,1.0
582,38.509365479546894,0.969944646545485,0.0001394184655509889,0.01927283965051174,1.0,1.0,1.0
583,40.39863478381719,0.9783669495714831,9.116600995184854e-05,0.013710861094295979,1.0,1.0,1.0
584,36.2778808926462,0.9716813574296156,0.00023371925635728985,0.021049106493592262,1.0,1.0,1.0
585,33.56527359400865,0.9537202160424861,0.00041738859727047384,0.016065159812569618,1.0,1.0,1.0
586,27.49617413807335,0.934791213168934,0.0017747696256265044,0.022487567737698555,1.0,1.0,1.0
587,39.282364036978215,0.9734017339653275,0.00011783384979935363,0.01479336153715849,1.0,1.0,1.0
588,28.30748240168374,0.9145593843054002,0.0014725992223247886,0.02554354816675186,1.0,1.0,1.0
589,30.701103254950635,0.8994876934951642,0.0008114803931675851,0.020100774243474007,1.0,1.0,1.0
590,26.603785680136696,0.878308649797673,0.0021142049226909876,0.02166358008980751,1.0,1.0,1.0
591,33.22707529923038,0.9598528380179921,0.00045770418364554644,0.015941597521305084,1.0,1.0,1.0
592,28.816872582120414,0.9490928053702117,0.001245104824192822,0.018069487065076828,1.0,1.0,1.0
593,29.32398715287855,0.9420645400743366,0.0011668737279251218,0.018748879432678223,1.0,1.0,1.0
594,37.43348346724536,0.9275077412575791,0.00017893066979013383,0.0122476015239954,1.0,1.0,1.0
595,28.920123747633827,0.8913566204887441,0.0012507913634181023,0.025641318410634995,1.0,1.0,1.0
596,30.491369615735778,0.9345027390286957,0.0008839516085572541,0.02162863314151764,1.0,1.0,1.0
597,44.35904343534286,0.9875808080314237,3.6586792703019455e-05,0.013686797581613064,1.0,1.0,1.0
598,32.42184987152168,0.9433559011302742,0.0005721058696508408,0.01459632907062769,1.0,1.0,1.0
599,34.173810070385436,0.9492033433372883,0.00038239386049099267,0.014078566804528236,1.0,1.0,1.0
600,31.32946601180905,0.9391121299873934,0.0007342284079641104,0.01945759728550911,1.0,1.0,1.0
601,37.599225335921396,0.9730562838130814,0.00017379391647409648,0.014136476442217827,1.0,1.0,1.0
602,29.906163545601146,0.8722992250244099,0.0008758089388720691,0.01601068675518036,1.0,1.0,1.0
603,42.250195804226045,0.982011162175175,5.94818739045877e-05,0.01349501684308052,1.0,1.0,1.0
604,28.79765105750815,0.9190111824141198,0.0012793376808986068,0.015198781155049801,1.0,1.0,1.0
605,36.998860136043604,0.9700484723006486,0.0001983888796530664,0.01811581663787365,1.0,1.0,1.0
606,39.99059592968375,0.9910460648552675,0.00010002047201851383,0.011324407532811165,1.0,1.0,1.0
607,23.688809898386456,0.8748041363043751,0.004255200736224651,0.026511289179325104,1.0,1.0,1.0
608,35.45387078422386,0.9474774739013982,0.00028421945171430707,0.010566499084234238,1.0,1.0,1.0
609,38.34242471752903,0.9721616945922437,0.00014627011842094362,0.01305408775806427,1.0,1.0,1.0
610,39.216183389463005,0.9745902135060913,0.00011972683569183573,0.016208674758672714,1.0,1.0,1.0
611,29.87389291451405,0.9270405787205702,0.0010134988697245717,0.016740046441555023,1.0,1.0,1.0
612,31.809633521181105,0.9340994270639523,0.000655129668302834,0.017617247998714447,1.0,1.0,1.0
613,34.13034469896694,0.9593244568090136,0.00038341671461239457,0.024836041033267975,1.0,1.0,1.0
614,31.7813262781237,0.9443461043362278,0.0006595938466489315,0.02396840788424015,1.0,1.0,1.0
615,30.580136951624986,0.9447991502518363,0.0008562604780308902,0.020622508600354195,1.0,1.0,1.0
616,29.175574036706507,0.9108834391838503,0.0011359608033671975,0.015485727228224277,1.0,1.0,1.0
617,33.67426345482559,0.9783042190429226,0.00042571392259560525,0.019758600741624832,1.0,1.0,1.0
618,30.452859717803356,0.9578735474016521,0.0008755417657084763,0.020645255222916603,1.0,1.0,1.0
619,33.73146099440462,0.9294255130777234,0.000413303030654788,0.015252825804054737,1.0,1.0,1.0
620,35.128376484213845,0.9690367063609316,0.0003064671182073653,0.017171090468764305,1.0,1.0,1.0
621,33.199867818086986,0.9458355982744657,0.0004458912299014628,0.015579230152070522,1.0,1.0,1.0
622,43.954678393640194,0.9910121529033432,4.022138818982057e-05,0.011859079822897911,1.0,1.0,1.0
623,35.84609905407304,0.9483475210404617,0.00025641932734288275,0.016982581466436386,1.0,1.0,1.0
624,25.307956192253606,0.912754706402143,0.002930636052042246,0.02072472870349884,1.0,1.0,1.0
625,38.026716249471676,0.9744704234633899,0.00015551976684946567,0.0167754627764225,1.0,1.0,1.0
626,37.909266860827636,0.976413140732745,0.00016172687173821032,0.012721335515379906,1.0,1.0,1.0
627,38.19164455854968,0.9604162660238051,0.00015134987188503146,0.012479424476623535,1.0,1.0,1.0
628,29.651828336836985,0.9567195884652736,0.0008670673705637455,0.016393810510635376,1.0,1.0,1.0
629,33.41235205562193,0.9131673794735696,0.000448203383712098,0.014917210675776005,1.0,1.0,1.0
630,34.623815308595816,0.927313813164069,0.00034408128703944385,0.017406735569238663,1.0,1.0,1.0
631,28.221200567579533,0.9048508641216808,0.0014797477051615715,0.018326710909605026,1.0,1.0,1.0
632,35.1913269070056,0.914965557476546,0.0002980255230795592,0.012804076075553894,1.0,1.0,1.0
633,28.59923773335118,0.892769834393841,0.0013733364176005125,0.023752395063638687,1.0,1.0,1.0
634,28.03056402431603,0.9088565624709231,0.0015682250959798694,0.017355721443891525,1.0,1.0,1.0
635,35.38786981482295,0.9559429699345516,0.00028902958729304373,0.014399602077901363,1.0,1.0,1.0
636,32.274849583563224,0.9198286052052242,0.0005919148679822683,0.018833382055163383,1.0,1.0,1.0
637,36.66495141331667,0.9812724412840832,0.0002035105717368424,0.014553528279066086,1.0,1.0,1.0
638,39.515480913875216,0.9694295963358953,0.00011178871500305831,0.013199018314480782,1.0,1.0,1.0
639,32.290834788315614,0.9610748498540053,0.0005832990282215178,0.0165319312363863,1.0,1.0,1.0
640,36.20160319001209,0.9783745004081381,0.0002358107885811478,0.01934252865612507,1.0,1.0,1.0
641,29.81326654975318,0.9386987258498514,0.0010133248288184404,0.022013572975993156,1.0,1.0,1.0
642,26.90516194237285,0.8548934333039865,0.0020022511016577482,0.027304433286190033,1.0,1.0,1.0
643,31.876746339317027,0.9124089059149856,0.0006402005674317479,0.018550198525190353,1.0,1.0,1.0
644,27.93122316977362,0.9144401623760768,0.0014557326212525368,0.01757175475358963,1.0,1.0,1.0
645,37.77503894328065,0.9629985983180741,0.00016682781279087067,0.014674161560833454,1.0,1.0,1.0
646,29.131659924431318,0.8897616504143704,0.0012160376645624638,0.018630612641572952,1.0,1.0,1.0
647,32.25561083980809,0.9782685689451278,0.0005300147458910942,0.01646883599460125,1.0,1.0,1.0
648,31.87213135777578,0.9326295720714157,0.0005478024831973016,0.020831339061260223,1.0,1.0,1.0
649,33.5389797682844,0.94507999575175,0.0004425062797963619,0.011834312230348587,1.0,1.0,1.0
650,31.617533940285952,0.972390045922238,0.0003836944524664432,0.016298333182930946,1.0,1.0,1.0
651,38.005188300903804,0.9805188614363763,0.00015795673243701458,0.020478505641222,1.0,1.0,1.0
652,32.653587639136845,0.906699158124418,0.0005167112685739994,0.015488826669752598,1.0,1.0,1.0
653,33.59143851362968,0.9585090491947621,0.0004277106199879199,0.019040418788790703,1.0,1.0,1.0
654,30.91141136022749,0.9499278392092977,0.0008075556252151728,0.02207675762474537,1.0,1.0,1.0
655,37.68657539856116,0.9855010091827873,0.00016990472795441747,0.012343662790954113,1.0,1.0,1.0
656,34.27729222573359,0.9649457839712638,0.0003086556971538812,0.02002963051199913,1.0,1.0,1.0
657,31.858843871329498,0.97313819031382,0.000524028844665736,0.013243040069937706,1.0,1.0,1.0
658,33.59713346648332,0.9419505545298567,0.00029699489823542535,0.015189889818429947,1.0,1.0,1.0
659,33.445096644412914,0.9649446971783697,0.00041781397885642946,0.012738446705043316,1.0,1.0,1.0
660,33.495419513736394,0.9396686123240012,0.0004334725090302527,0.0234993789345026,1.0,1.0,1.0
661,34.68339124298142,0.973862667855402,0.00032501263194717467,0.01801849715411663,1.0,1.0,1.0
662,32.135610951917414,0.9304140617050254,0.000605686625931412,0.017114965245127678,1.0,1.0,1.0
663,39.10907264881989,0.974100077530548,0.00012230970605742186,0.012845896184444427,1.0,1.0,1.0
664,32.237518648403324,0.9713486113169368,0.0005953639629296958,0.019229883328080177,1.0,1.0,1.0
665,34.586730964438544,0.9400873346459908,0.000347526918631047,0.017155926674604416,1.0,1.0,1.0
666,34.72809907550869,0.9682411357406738,0.00033137918217107654,0.02271898090839386,1.0,1.0,1.0
667,37.245699220082166,0.9601991896597347,0.0001883956283563748,0.012759078294038773,1.0,1.0,1.0
668,35.84991533166606,0.9714336118461916,0.00025650611496530473,0.021237891167402267,1.0,1.0,1.0
669,38.77310321396597,0.9850128110502034,0.00013244592992123216,0.017680639401078224,1.0,1.0,1.0
670,35.84482588427526,0.956741816603547,0.0002418968069832772,0.015223180875182152,1.0,1.0,1.0
671,30.563830481454247,0.8860161427314267,0.000875502941198647,0.01907300017774105,1.0,1.0,1.0
672,40.29858705059013,0.9795624802448432,9.329880413133651e-05,0.014677710831165314,1.0,1.0,1.0
673,36.32822826460957,0.971493703856203,0.00023266942298505455,0.012092497199773788,1.0,1.0,1.0
674,34.7425477800678,0.9512730167700041,0.00032962311524897814,0.013003836385905743,1.0,1.0,1.0
675,37.57496376165797,0.9640737494340376,0.00016504002269357443,0.017492175102233887,1.0,1.0,1.0
676,35.493643540048,0.9775071123343873,0.00024932975065894425,0.015194238163530827,1.0,1.0,1.0
677,36.55456029847584,0.9781054751668798,0.00022066717792768031,0.017243722453713417,1.0,1.0,1.0
678,31.53917195478877,0.9500077279867033,0.0006963449413888156,0.020574424415826797,1.0,1.0,1.0
679,36.385558796437,0.9566219241903293,0.00022885456564836204,0.012529862113296986,1.0,1.0,1.0
680,38.41155925365598,0.9320874308381072,0.00014406607078853995,0.016137804836034775,1.0,1.0,1.0
681,37.58313605574203,0.9676819928567106,0.00017313378339167684,0.021202482283115387,1.0,1.0,1.0
682,36.222118874839865,0.972774164103379,0.00022758280101697892,0.01607394590973854,1.0,1.0,1.0
683,40.82178556660711,0.9851800004333657,8.26741597848013e-05,0.012959698215126991,1.0,1.0,1.0
684,33.42992971877117,0.9649958829669392,0.00039971229853108525,0.012178121134638786,1.0,1.0,1.0
685,40.53301309004112,0.9587265603605685,8.83960528881289e-05,0.015338150784373283,1.0,1.0,1.0
686,29.80325585380331,0.9384230441780006,0.0010419206228107214,0.019281215965747833,1.0,1.0,1.0
687,30.10479090491299,0.9093187768187689,0.0009760442771948874,0.015776867046952248,1.0,1.0,1.0
688,39.90307626758994,0.9816513374847647,0.00010220037074759603,0.014688790775835514,1.0,1.0,1.0
689,38.75386476404766,0.9484953404134149,0.00013320110156200826,0.01673423871397972,1.0,1.0,1.0
690,33.62278279701623,0.9263174595701498,0.0004336900601629168,0.02074251137673855,1.0,1.0,1.0
691,29.76442787421916,0.9076908290947492,0.0010477694449946284,0.02097567357122898,1.0,1.0,1.0
692,35.59861642989682,0.954988615024139,0.0002743380900938064,0.022005140781402588,1.0,1.0,1.0
693,31.813098473805937,0.9349160298716634,0.0006549876998178661,0.018783507868647575,1.0,1.0,1.0
694,32.15291095183312,0.8983151932219111,0.000608289847150445,0.016709985211491585,1.0,1.0,1.0
695,32.45462651062884,0.9609378158615592,0.0005578218842856586,0.016415398567914963,1.0,1.0,1.0
696,33.733585148054665,0.9681300944711155,0.00041370358667336404,0.019704734906554222,1.0,1.0,1.0
697,31.88840179650137,0.9398007552198089,0.0006207509431988001,0.018915686756372452,1.0,1.0,1.0
698,29.387114636353388,0.9147499574634743,0.0011212746612727642,0.01995152421295643,1.0,1.0,1.0
699,37.2888073745022,0.9815176069674969,0.00018526811618357897,0.02211390621960163,1.0,1.0,1.0
700,33.47207347072692,0.9571803276781743,0.00044554576743394136,0.016724267974495888,1.0,1.0,1.0
701,33.98075013070469,0.9556776449214994,0.0003581407363526523,0.018386196345090866,1.0,1.0,1.0
702,34.08137497031414,0.9467872329482999,0.0003880997537635267,0.024210911244153976,1.0,1.0,1.0
703,32.48164638061152,0.950922271430923,0.0005575563991442323,0.019446024671196938,1.0,1.0,1.0
704,31.23740424646877,0.9011799162676629,0.0007306162733584642,0.018763940781354904,1.0,1.0,1.0
705,30.87403851145288,0.8948660071264526,0.0008146172040142119,0.018735919147729874,1.0,1.0,1.0
706,37.241216805688346,0.9696274061597907,0.00016986757691483945,0.01339869573712349,1.0,1.0,1.0
707,33.459845997892266,0.9376643809102576,0.0004499313363339752,0.02096988819539547,1.0,1.0,1.0
708,29.525729210037422,0.8889186086750159,0.000924965541344136,0.017355985939502716,1.0,1.0,1.0
709,40.810274582101684,0.9809689430137414,8.29223936307244e-05,0.01433652639389038,1.0,1.0,1.0
710,33.014236231371015,0.9740881358107054,0.0004928499693050981,0.01710781455039978,1.0,1.0,1.0
711,38.28626303945236,0.987367581887511,0.0001451441494282335,0.017739921808242798,1.0,1.0,1.0
712,44.983855683220035,0.9897851765740151,3.171308708260767e-05,0.012925763614475727,1.0,1.0,1.0
713,30.48243441974652,0.937443869957562,0.0007997038192115724,0.021023575216531754,1.0,1.0,1.0
714,39.15152516849063,0.9894324644123683,0.00012155108561273664,0.011937516741454601,1.0,1.0,1.0
715,30.90770405025033,0.9293963454716134,0.0008111572242341936,0.017927395179867744,1.0,1.0,1.0
716,33.381172597413624,0.9545738973353977,0.0004574021731968969,0.02153538167476654,1.0,1.0,1.0
717,38.155032028460106,0.9656144761556319,0.00015291519230231643,0.014690178446471691,1.0,1.0,1.0
718,35.51634957000145,0.9572044944138842,0.0002803548995871097,0.01503795012831688,1.0,1.0,1.0
719,39.99676729637292,0.9659574866540906,9.990119724534452e-05,0.013860967010259628,1.0,1.0,1.0
720,37.62161288399857,0.9631912716817191,0.00017213300452567637,0.021747615188360214,1.0,1.0,1.0
721,31.306662196752484,0.9488862944868758,0.0007358420989476144,0.01828131452202797,1.0,1.0,1.0
722,30.249749855642136,0.9359774401486382,0.0009271759772673249,0.021496426314115524,1.0,1.0,1.0
723,30.53730475497979,0.9312241985332855,0.000694648246280849,0.016809746623039246,1.0,1.0,1.0
724,34.43074936105447,0.9576406239217649,0.00034011201933026314,0.020505104213953018,1.0,1.0,1.0
725,31.421293357549224,0.9316711009444498,0.00042866330477409065,0.017924904823303223,1.0,1.0,1.0
726,31.14018721610342,0.9213334816403234,0.0007672244682908058,0.022196194157004356,1.0,1.0,1.0
727,38.95419229643684,0.9610376470828942,0.00012713641626760364,0.01696791872382164,1.0,1.0,1.0
728,33.2314829037834,0.9499762961592898,0.0004744640027638525,0.017765425145626068,1.0,1.0,1.0
729,27.97526253534034,0.9301053792924473,0.0015729026636108756,0.017399463802576065,1.0,1.0,1.0
730,37.82924265819344,0.9786777548007551,0.00015843189612496644,0.014087634161114693,1.0,1.0,1.0
731,38.515532139828736,0.9620251162102594,0.00014065299183130264,0.015292164869606495,1.0,1.0,1.0
732,41.47605916998026,0.9840136789192971,7.106321572791785e-05,0.01615407131612301,1.0,1.0,1.0
733,37.15057182239724,0.9730268208880911,0.00019094748131465167,0.020444247871637344,1.0,1.0,1.0
734,38.917394126372315,0.9755484840080096,0.0001282353769056499,0.013955485075712204,1.0,1.0,1.0
735,31.39604221724612,0.9533390820995203,0.0007133168401196599,0.019340630620718002,1.0,1.0,1.0
736,34.85328983847977,0.9658562276200983,0.0003234714677091688,0.014714743942022324,1.0,1.0,1.0
737,29.139971490155588,0.9343337147391879,0.0011959710391238332,0.022363590076565742,1.0,1.0,1.0
738,38.167972727341045,0.9858027670159552,0.00015202061331365258,0.022183125838637352,1.0,1.0,1.0
739,35.16401913467528,0.9733238925751764,0.00030358487856574357,0.0229338426142931,1.0,1.0,1.0
740,33.81325340698483,0.9452930188284162,0.00041545636486262083,0.015602496452629566,1.0,1.0,1.0
741,34.9766184148112,0.949595375738123,0.0003176296886522323,0.017718998715281487,1.0,1.0,1.0
742,37.831880320380506,0.9753273628398361,0.00016451251576654613,0.01299052033573389,1.0,1.0,1.0
743,40.40608457344504,0.9711180554993135,9.095399582292885e-05,0.016889477148652077,1.0,1.0,1.0
744,36.643739596149565,0.9674358047983226,0.0002042053238255903,0.01759283058345318,1.0,1.0,1.0
745,28.68032109228735,0.8947079286012429,0.001297884969972074,0.022012727335095406,1.0,1.0,1.0
746,41.60522351404465,0.9535133181480062,6.8972040025983e-05,0.01829327456653118,1.0,1.0,1.0
747,37.56854324854669,0.9536714147799432,0.0001748213398968801,0.015835043042898178,1.0,1.0,1.0
748,33.86646760968087,0.9530343306822735,0.00038104710984043777,0.013240654021501541,1.0,1.0,1.0
749,29.22481181974707,0.9136360635821418,0.0011745512019842863,0.024593070149421692,1.0,1.0,1.0
750,35.15807532325087,0.955596239989387,0.00026844636886380613,0.018519451841711998,1.0,1.0,1.0
751,41.76316052437426,0.9709708598952729,6.649433635175228e-05,0.019956791773438454,1.0,1.0,1.0
752,32.1397943779816,0.9337760062063626,0.0006027007475495338,0.022197028622031212,1.0,1.0,1.0
753,27.97166944704813,0.8811055389809603,0.00158592127263546,0.021400760859251022,1.0,1.0,1.0
754,40.68946088606795,0.9708567205566617,8.497458475176245e-05,0.01447188388556242,1.0,1.0,1.0
755,40.56218507544131,0.9851500650000892,8.780766802374274e-05,0.014080381952226162,1.0,1.0,1.0
756,32.70664721989064,0.9485873630072372,0.0005356768961064517,0.013843326829373837,1.0,1.0,1.0
757,30.751900765708953,0.9198949942230732,0.0008124762680381536,0.017315829172730446,1.0,1.0,1.0
758,34.3954677056615,0.924484938654618,0.0003626598627306521,0.018547965213656425,1.0,1.0,1.0
759,35.33635351556133,0.9573620807829287,0.0002753254084382206,0.01933215744793415,1.0,1.0,1.0
760,34.37128618665533,0.9622787345965826,0.00036500373971648514,0.015382451005280018,1.0,1.0,1.0
761,32.23774881438613,0.9506743086657657,0.0005559702985920012,0.01832578517496586,1.0,1.0,1.0
762,35.47007042235658,0.977214428001267,0.00028094780282117426,0.018189068883657455,1.0,1.0,1.0
763,35.79815917937159,0.9408515716246468,0.00026216378319077194,0.02442193776369095,1.0,1.0,1.0
764,42.261564419415166,0.990487889685621,5.93754775763955e-05,0.013282569125294685,1.0,1.0,1.0
765,34.954934410752074,0.9697464376503468,0.000311542913550511,0.013077881187200546,1.0,1.0,1.0
766,29.42992132049828,0.9409692908480564,0.0010928818956017494,0.023237502202391624,1.0,1.0,1.0
767,31.302949204004193,0.9201159454090184,0.0007103647221811116,0.016445383429527283,1.0,1.0,1.0
768,33.76794800661876,0.9802126497629995,0.0004187044105492532,0.016218971461057663,1.0,1.0,1.0
769,32.438769842493656,0.924618350874375,0.0004831383703276515,0.02175067365169525,1.0,1.0,1.0
770,35.50030130568337,0.9644488283962596,0.00027705711545422673,0.021632032468914986,1.0,1.0,1.0
771,42.32072937395194,0.9850181501485615,5.855238123331219e-05,0.011027484200894833,1.0,1.0,1.0
772,41.39587373741818,0.9695116722393086,7.250098133226857e-05,0.014175722375512123,1.0,1.0,1.0
773,29.97021184739086,0.9148902577262514,0.00099419173784554,0.021142901852726936,1.0,1.0,1.0
774,33.96093877496108,0.9349906969819337,0.0004007542156614363,0.01562526449561119,1.0,1.0,1.0
775,30.5075014092583,0.8913074802108478,0.0006818775436840951,0.015991458669304848,1.0,1.0,1.0
776,43.963029653977216,0.9842172715086317,4.008683026768267e-05,0.012914367020130157,1.0,1.0,1.0
777,33.87230508832197,0.9601264408529112,0.0004090905422344804,0.021988414227962494,1.0,1.0,1.0
778,31.7999065513863,0.9308585684097269,0.000660100718960166,0.016781263053417206,1.0,1.0,1.0
779,39.57662894056622,0.9737963917385498,0.00011006103159161285,0.01400325819849968,1.0,1.0,1.0
780,41.70223083182034,0.9880172991654206,6.61881931591779e-05,0.012056606821715832,1.0,1.0,1.0
781,38.68240885255454,0.9665959837574462,0.00013543762906920165,0.01407115999609232,1.0,1.0,1.0
782,31.88418063664055,0.9577876144272378,0.000642070488538593,0.013391879387199879,1.0,1.0,1.0
783,32.30484212454309,0.9158542466842953,0.0005698049208149314,0.016041865572333336,1.0,1.0,1.0
784,42.70990061060849,0.9901365699598295,5.354068707674742e-05,0.010779926553368568,1.0,1.0,1.0
785,28.409116567515724,0.8803696205846242,0.0013179677771404386,0.02158629521727562,1.0,1.0,1.0
786,23.6232797979447,0.8389459627306125,0.004328464157879353,0.023845482617616653,1.0,1.0,1.0
787,35.97846471606137,0.9717922109045604,0.00024583793128840625,0.021037142723798752,1.0,1.0,1.0
788,26.55276007123778,0.9102981744166627,0.0021578625310212374,0.019187133759260178,1.0,1.0,1.0
789,38.99820693043098,0.947730717801857,0.0001258373085875064,0.012179583311080933,1.0,1.0,1.0
790,35.918009985533466,0.97716008211314,0.0002291739801876247,0.014925499446690083,1.0,1.0,1.0
791,33.11468266276193,0.9446390286398911,0.0004879032203461975,0.015193718485534191,1.0,1.0,1.0
792,35.90552952996979,0.9763595585560405,0.00025590043514966965,0.01681644842028618,1.0,1.0,1.0
793,29.032539506903436,0.9528589043093478,0.0012416993267834187,0.01831955462694168,1.0,1.0,1.0
794,31.1701529320654,0.9287012879139868,0.0007598287775181234,0.021494360640645027,1.0,1.0,1.0
795,39.730306709326825,0.9716611429741385,0.00010638845560606569,0.015298710204660892,1.0,1.0,1.0
796,31.866504851564006,0.922825448881062,0.0005759082268923521,0.022021792829036713,1.0,1.0,1.0
797,41.87493541294995,0.9837625103438479,6.471474625868723e-05,0.014387591741979122,1.0,1.0,1.0
798,38.57992307148144,0.9589271654593071,0.00013828216469846666,0.014968198724091053,1.0,1.0,1.0
799,32.380401513999374,0.9541955201764533,0.00042096286779269576,0.014413338154554367,1.0,1.0,1.0
800,31.971655464671628,0.9656327414038995,0.000590348441619426,0.015903107821941376,1.0,1.0,1.0
801,44.360389973207575,0.9907299478079882,3.659165668068454e-05,0.011449874378740788,1.0,1.0,1.0
802,29.574850328923485,0.9237639522285684,0.00108565844129771,0.020706193521618843,1.0,1.0,1.0
803,36.43605197898114,0.9396212274791101,0.00022695754887536168,0.014652409590780735,1.0,1.0,1.0
804,26.266994907108373,0.9004936954588029,0.0023358571343123913,0.01780741475522518,1.0,1.0,1.0
805,40.1560233002757,0.9682564441848958,9.636956383474171e-05,0.013781643472611904,1.0,1.0,1.0
806,28.601500449293123,0.9130326650243337,0.0013785555493086576,0.019940802827477455,1.0,1.0,1.0
807,33.496406075296306,0.9407830102440312,0.00044470973080024123,0.016017567366361618,1.0,1.0,1.0
808,44.36076940643428,0.9910302898770639,3.660315996967256e-05,0.012117828242480755,1.0,1.0,1.0
809,38.69010068551072,0.9751284028046886,0.0001323301112279296,0.017328444868326187,1.0,1.0,1.0
810,38.225838333559985,0.9807407269090936,0.0001500473008491099,0.021898381412029266,1.0,1.0,1.0
811,39.86920089330737,0.9730106215612623,0.00010299521090928465,0.014408345334231853,1.0,1.0,1.0
812,42.08865073689022,0.9832483339358902,6.177100294735283e-05,0.013022523373365402,1.0,1.0,1.0
813,38.847591678507555,0.9722624719988697,0.00012793381756637245,0.018726887181401253,1.0,1.0,1.0
814,35.12433822640205,0.9607217191450367,0.0002906604786403477,0.016946062445640564,1.0,1.0,1.0
815,39.0917222387487,0.9735400349447664,0.00012320010864641517,0.012447822839021683,1.0,1.0,1.0
816,35.596467338213046,0.9862050009647267,0.00027261010836809874,0.017866332083940506,1.0,1.0,1.0
817,38.866168906956766,0.9730601254216289,0.00012978223094251007,0.011642368510365486,1.0,1.0,1.0
818,36.620153983919536,0.979173877521565,0.0002177039859816432,0.011062875390052795,1.0,1.0,1.0
819,38.47875368145581,0.9628567690542977,0.00014185337931849062,0.014646702446043491,1.0,1.0,1.0
820,42.07089803986341,0.9794675458157271,6.19917263975367e-05,0.012253128923475742,1.0,1.0,1.0
821,35.60119071228927,0.9607621557141728,0.000240530920564197,0.01842406392097473,1.0,1.0,1.0
822,27.183450720235754,0.9035190004207602,0.001887555350549519,0.018370918929576874,1.0,1.0,1.0
823,31.788431722021237,0.9230369551528257,0.0006617316976189613,0.017273100093007088,1.0,1.0,1.0
824,38.66326650649495,0.9620558596432394,0.00013597769429907203,0.013245774433016777,1.0,1.0,1.0
825,29.306877428243187,0.955366994409031,0.0011651072418317199,0.021659307181835175,1.0,1.0,1.0
826,36.16615045710028,0.976700903899714,0.00024083213065750897,0.014723495580255985,1.0,1.0,1.0
827,31.639884161576877,0.9218493595688582,0.000675359508022666,0.020118361338973045,1.0,1.0,1.0
828,33.821589962900475,0.9602463258001703,0.00040696028736419976,0.01943366974592209,1.0,1.0,1.0
829,33.29349143660334,0.9566450304014394,0.0003827127511613071,0.013887342065572739,1.0,1.0,1.0
830,37.4532752099485,0.9816941530496589,0.0001794707786757499,0.016388973221182823,1.0,1.0,1.0
831,38.877452312502726,0.9814140234907591,0.00012930488446727395,0.012836974114179611,1.0,1.0,1.0
832,33.92140510296932,0.9530886229823494,0.0004042076470796019,0.019634241238236427,1.0,1.0,1.0
833,30.987450837209465,0.9510527486543837,0.0007037942414171994,0.016099274158477783,1.0,1.0,1.0
834,33.8806049775181,0.9662862319357008,0.0004032915167044848,0.020249050110578537,1.0,1.0,1.0
835,32.988310946678666,0.9126194633545414,0.0004970377194695175,0.010992697440087795,1.0,1.0,1.0
836,36.61673173004853,0.9747435325685546,0.00021291573648341,0.012764410115778446,1.0,1.0,1.0
837,25.487794764068052,0.8543566314329829,0.0027893949300050735,0.029649144038558006,1.0,1.0,1.0
838,31.72680746395839,0.9400022323786351,0.0006705863634124398,0.020237410441040993,1.0,1.0,1.0
839,32.04798257519252,0.9494300282476672,0.00056334218243137,0.024007664993405342,1.0,1.0,1.0
840,41.00887295377797,0.9747175715279346,7.910112617537379e-05,0.010540355928242207,1.0,1.0,1.0
841,26.636887744560585,0.9087184569707104,0.0021459078416228294,0.02003449574112892,1.0,1.0,1.0
842,35.2054766306478,0.9810871840661278,0.0002967136388178915,0.011534638702869415,1.0,1.0,1.0
843,37.013518154220016,0.9539404484713441,0.00019879867613781244,0.013063809834420681,1.0,1.0,1.0
844,38.38440826833954,0.9653725511210868,0.00014464450941886753,0.012420463375747204,1.0,1.0,1.0
845,36.81494097766567,0.9390951335099521,0.0002079760452033952,0.015782048925757408,1.0,1.0,1.0
846,38.09353873281509,0.985860287758711,0.00015498782158829272,0.011760990135371685,1.0,1.0,1.0
847,28.637001782544928,0.9293533079018595,0.0013178352965041995,0.02156868577003479,1.0,1.0,1.0
848,41.772634912474594,0.9864340642134595,6.639553612330928e-05,0.012253711000084877,1.0,1.0,1.0
849,38.43174507649507,0.9832069370568844,0.00014058567467145622,0.016875095665454865,1.0,1.0,1.0
850,34.61356070748901,0.9558526310258544,0.00033536486444063485,0.015715764835476875,1.0,1.0,1.0
851,38.82573805203813,0.9558872792281603,0.0001308327482547611,0.016097940504550934,1.0,1.0,1.0
852,31.69149152104534,0.9489509453522464,0.0003045661433134228,0.021823642775416374,1.0,1.0,1.0
853,34.87618380560823,0.9461973494512746,0.0003194848250132054,0.02327236719429493,1.0,1.0,1.0
854,30.73937281893988,0.9519592664282388,0.0008419293444603682,0.016178561374545097,1.0,1.0,1.0
855,32.33158542739156,0.9820873289070139,0.0005823122337460518,0.030537281185388565,1.0,1.0,1.0
856,36.72426863131486,0.9714662063217139,0.0002121240395354107,0.011465909890830517,1.0,1.0,1.0
857,31.432684362520785,0.9577928344316404,0.0007137720822356641,0.0148009667173028,1.0,1.0,1.0
858,36.87402613002424,0.9489907373907766,0.00020512615446932614,0.013543996959924698,1.0,1.0,1.0
859,33.0367758674332,0.945715006744591,0.0004954930045641959,0.01981537602841854,1.0,1.0,1.0
860,36.741517902062114,0.9687770874815214,0.00021133552945684642,0.015447159297764301,1.0,1.0,1.0
861,29.756499568663163,0.9442734700484419,0.0009914773982018232,0.01817631535232067,1.0,1.0,1.0
862,36.921486756882175,0.9512170614795789,0.0001965700212167576,0.01264986488968134,1.0,1.0,1.0
863,33.554496762987654,0.9668987568840769,0.00043331659981049597,0.0212701428681612,1.0,1.0,1.0
864,28.924451109676,0.9126766984777716,0.0012520106974989176,0.024329975247383118,1.0,1.0,1.0
865,38.547921952254335,0.9531754581613314,0.00013958690396975726,0.018241504207253456,1.0,1.0,1.0
866,35.80711914433449,0.9721493147644219,0.00026247865753248334,0.017037292942404747,1.0,1.0,1.0
867,43.80232246137701,0.9873415291217089,4.161311517236754e-05,0.012214374728500843,1.0,1.0,1.0
868,35.50888926241101,0.9669246011412673,0.0002746513928286731,0.019345462322235107,1.0,1.0,1.0
869,39.178354700597694,0.9890329974662163,0.00012065033661201596,0.012062396854162216,1.0,1.0,1.0
870,36.83487720586088,0.9417333124787907,0.00020718116138596088,0.015234054066240788,1.0,1.0,1.0
871,36.93688458177783,0.9563391185697203,0.0002014671772485599,0.022215843200683594,1.0,1.0,1.0
872,36.13624429256204,0.9448884228865305,0.00024286533880513161,0.02249898947775364,1.0,1.0,1.0
873,33.18481198963939,0.9490273257004341,0.00047898784396238625,0.012643082067370415,1.0,1.0,1.0
874,35.95358429369233,0.9674196044296426,0.00023536861408501863,0.013799009844660759,1.0,1.0,1.0
875,31.123526485493795,0.9350631735994028,0.0007697205292060971,0.024457048624753952,1.0,1.0,1.0
876,36.49749013154598,0.9685523321292718,0.00022263416030909866,0.017690757289528847,1.0,1.0,1.0
877,41.429144479159476,0.977892607112172,7.192725024651736e-05,0.013133001513779163,1.0,1.0,1.0
878,37.02079305095906,0.9746371525213876,0.00018264804384671152,0.016517244279384613,1.0,1.0,1.0
879,33.737972424369985,0.9498042695712533,0.00042268127435818315,0.015285689383745193,1.0,1.0,1.0
880,25.152239355635047,0.8812038002180568,0.002932243049144745,0.02268625982105732,1.0,1.0,1.0
881,34.621627180882214,0.9612879483423304,0.00028919201577082276,0.017704371362924576,1.0,1.0,1.0
882,29.544344109044687,0.9302826837950816,0.001013202709145844,0.017643285915255547,1.0,1.0,1.0
883,33.977632185641305,0.9415468022888536,0.0003986129304394126,0.024503113701939583,1.0,1.0,1.0
884,34.02626758521929,0.9580943276730853,0.0003949805395677686,0.01788211800158024,1.0,1.0,1.0
885,30.295828010654052,0.9261748091432086,0.0008999839774332941,0.025555312633514404,1.0,1.0,1.0
886,27.017551846574406,0.8686392171174082,0.0019793689716607332,0.023761972784996033,1.0,1.0,1.0
887,37.25827650634882,0.9672575114665878,0.00018787544104270637,0.013479990884661674,1.0,1.0,1.0
888,43.74289854899593,0.9890178244395644,4.2194606066914275e-05,0.013117045164108276,1.0,1.0,1.0
889,33.412246184788,0.955587297900973,0.0004489782440941781,0.022266795858740807,1.0,1.0,1.0
890,38.511290667403,0.9547078934862395,0.00014046778960619122,0.013110805302858353,1.0,1.0,1.0
891,39.40020373650425,0.973172677344459,0.00011463540431577712,0.010838713496923447,1.0,1.0,1.0
892,37.36805524108594,0.9815887523386377,0.0001814000279409811,0.014864610508084297,1.0,1.0,1.0
893,36.33918021282425,0.9725846420623693,0.00023166036407928914,0.015482078306376934,1.0,1.0,1.0
894,37.730246048925466,0.9674872019730885,0.00016849777603056282,0.014880236238241196,1.0,1.0,1.0
895,41.53467704221717,0.9860716913475955,7.016577001195401e-05,0.013330702669918537,1.0,1.0,1.0
896,34.50379059127651,0.9639300685779598,0.0003324593708384782,0.02490765042603016,1.0,1.0,1.0
897,31.684225916656004,0.918506993732912,0.0005027338629588485,0.013768903911113739,1.0,1.0,1.0
898,38.75994323980238,0.9636359525415796,0.0001328175130765885,0.011805137619376183,1.0,1.0,1.0
899,36.8378514028286,0.9788107782971379,0.00020702797337435186,0.01405178103595972,1.0,1.0,1.0
900,40.452790353924826,0.9885069376051856,8.989160414785147e-05,0.011420299299061298,1.0,1.0,1.0
901,36.181628311869694,0.9772097170583603,0.00024040238349698484,0.015603148378431797,1.0,1.0,1.0
902,36.179483948575864,0.9794086241562177,0.00022621902462560683,0.013666617684066296,1.0,1.0,1.0
903,35.936683283295395,0.9590093428259417,0.00023064245760906488,0.013892510905861855,1.0,1.0,1.0
904,40.869415658926,0.957396419763073,8.149674977175891e-05,0.014751019887626171,1.0,1.0,1.0
905,36.449591139477086,0.9832294930399263,0.0002254955325042829,0.017965640872716904,1.0,1.0,1.0
906,33.15331000561874,0.9634177338012847,0.0004830622929148376,0.015607214532792568,1.0,1.0,1.0
907,41.43995554095248,0.9877511194154575,7.156881474656984e-05,0.010861038230359554,1.0,1.0,1.0
908,40.313420626838564,0.9747418014965067,9.299661905970424e-05,0.012001536786556244,1.0,1.0,1.0
909,37.72558536697573,0.9720781429971581,0.0001684396411292255,0.017316067591309547,1.0,1.0,1.0
910,42.779524637890056,0.973342931838043,5.262465128907934e-05,0.011719249188899994,1.0,1.0,1.0
911,32.513378185651995,0.9254105876942845,0.00046657389611937106,0.01847952976822853,1.0,1.0,1.0
912,32.27890424794752,0.9037614388620121,0.0004601485561579466,0.01673157885670662,1.0,1.0,1.0
913,33.647316072702914,0.9638057546411383,0.00031327674514614046,0.01847408525645733,1.0,1.0,1.0
914,40.178343637798726,0.9690660529215392,9.590065019438043e-05,0.014147474430501461,1.0,1.0,1.0
915,29.513101344336036,0.9062138565076405,0.001118004322052002,0.024645376950502396,1.0,1.0,1.0
916,27.110015357568894,0.906085482499369,0.0019418413285166025,0.02154623530805111,1.0,1.0,1.0
917,36.60945722729765,0.9512641466500467,0.00021809931786265224,0.0158223919570446,1.0,1.0,1.0
918,32.276450679611806,0.9623277944630882,0.0005790645955130458,0.01941123604774475,1.0,1.0,1.0
919,37.14668370180811,0.9754257598897621,0.00019220092508476228,0.01342261303216219,1.0,1.0,1.0
920,37.013616179529066,0.9705252422498476,0.00019161030650138855,0.02074834518134594,1.0,1.0,1.0
921,31.030892501665676,0.91278807457894,0.0005840979865752161,0.017034970223903656,1.0,1.0,1.0
922,38.62351080932337,0.9733061244455623,0.0001372200931655243,0.011549054645001888,1.0,1.0,1.0
923,31.357791175740296,0.9139463135105691,0.0007248815963976085,0.015190881676971912,1.0,1.0,1.0
924,41.971424218608675,0.9733673814218972,6.340213440125808e-05,0.014515269547700882,1.0,1.0,1.0
925,37.03815209644202,0.9642766064784506,0.00019772612722590566,0.014730412513017654,1.0,1.0,1.0
926,35.83559994682608,0.9620927376144011,0.0002602123422548175,0.01752874068915844,1.0,1.0,1.0
927,34.629224650770645,0.9645683002822539,0.00034411720116622746,0.014267871156334877,1.0,1.0,1.0
928,27.28632819210139,0.9095897668572787,0.0018505461048334837,0.01791834831237793,1.0,1.0,1.0
929,41.134716290209184,0.9750832541162384,7.699445995967835e-05,0.01719326339662075,1.0,1.0,1.0
930,34.589668663015544,0.9571940336103472,0.00034589559072628617,0.012981205247342587,1.0,1.0,1.0
931,32.5497117626858,0.9655358576291732,0.0005491452175192535,0.01994905434548855,1.0,1.0,1.0
932,35.37382036847191,0.9599412668215724,0.0002891877375077456,0.016887450590729713,1.0,1.0,1.0
933,29.247071527171137,0.8900909602365258,0.001105386414565146,0.017595695331692696,1.0,1.0,1.0
934,34.30779803029012,0.9196531058118993,0.0003439506399445236,0.01881641522049904,1.0,1.0,1.0
935,32.07234575476811,0.9521543267283923,0.0006162649369798601,0.017726752907037735,1.0,1.0,1.0
936,33.462448053338065,0.9485899481280362,0.00044286978663876653,0.02117399498820305,1.0,1.0,1.0
937,31.362171330714176,0.9244711620346773,0.0007184284622780979,0.01587962731719017,1.0,1.0,1.0
938,36.157014679303394,0.9781880057171771,0.0002421575045445934,0.014590233564376831,1.0,1.0,1.0
939,30.664049466523796,0.914469209194983,0.0008456716313958168,0.01716470532119274,1.0,1.0,1.0
940,32.710772003950005,0.956521492562919,0.0005301592173054814,0.019185230135917664,1.0,1.0,1.0
941,33.69034687849674,0.9741519677565194,0.0003396563697606325,0.018802091479301453,1.0,1.0,1.0
942,36.593782448349366,0.9852174959223337,0.00021275210019666702,0.019603947177529335,1.0,1.0,1.0
943,38.49759015232957,0.9835538338673743,0.0001335720153292641,0.015164162963628769,1.0,1.0,1.0
944,32.034373940395966,0.9602460091966286,0.0005929750041104853,0.016113393008708954,1.0,1.0,1.0
945,31.147452800956152,0.9591822217000404,0.0007607032894156873,0.023388268426060677,1.0,1.0,1.0
946,32.979822427153586,0.9566988631375557,0.0004974179901182652,0.01964937523007393,1.0,1.0,1.0
947,31.987288503078762,0.9632989826647735,0.0005916068912483752,0.0199933722615242,1.0,1.0,1.0
948,38.57970280269715,0.973952302038362,0.00013802027388010174,0.0159814041107893,1.0,1.0,1.0
949,32.25749841589479,0.8989292303113684,0.0005933756474405527,0.013368826359510422,1.0,1.0,1.0
950,30.86923726814141,0.9453550545715941,0.0008096670499071479,0.017084363847970963,1.0,1.0,1.0
951,40.728749950093224,0.972777983944544,8.445882122032344e-05,0.01520474161952734,1.0,1.0,1.0
952,33.512401174753556,0.9411921661781576,0.0003782670246437192,0.018329283222556114,1.0,1.0,1.0
953,37.01606342837876,0.9696874517958969,0.0001931292936205864,0.01762946881353855,1.0,1.0,1.0
954,34.35880327354477,0.9586900986108249,0.0003624744713306427,0.01873592473566532,1.0,1.0,1.0
955,27.780111116472916,0.902001358403236,0.0016461826162412763,0.018879175186157227,1.0,1.0,1.0
956,39.948580478596924,0.9649296181489808,0.00010104107059305534,0.014393419027328491,1.0,1.0,1.0
957,38.435242438473736,0.9743944927127368,0.00014336948515847325,0.0138944610953331,1.0,1.0,1.0
958,26.228192751684716,0.8874794398845338,0.0022801177110522985,0.01849178597331047,1.0,1.0,1.0
959,33.14527712934215,0.9595215551793513,0.000481673632748425,0.022459501400589943,1.0,1.0,1.0
960,34.17928810257902,0.9406708823199796,0.0002926775487139821,0.019634047523140907,1.0,1.0,1.0
961,33.70964432936005,0.9435782359299799,0.00041714415419846773,0.02349982038140297,1.0,1.0,1.0
962,40.33550378013983,0.9682043571067422,9.245332330465317e-05,0.012237492017447948,1.0,1.0,1.0
963,37.89677112413678,0.970896536797685,0.000158299837494269,0.014490376226603985,1.0,1.0,1.0
964,31.31053803825608,0.9369839407587313,0.00032181202550418675,0.01765759475529194,1.0,1.0,1.0
965,35.665979487826206,0.9701122761126396,0.0002673060807865113,0.018873725086450577,1.0,1.0,1.0
966,36.610405453793,0.9705309885158997,0.00021800451213493943,0.013748008757829666,1.0,1.0,1.0
967,31.354101072525623,0.9587187095015657,0.000720646814443171,0.020901009440422058,1.0,1.0,1.0
968,33.56145629775576,0.9202878757123331,0.00044016516767442226,0.017072690650820732,1.0,1.0,1.0
969,30.01547818208204,0.9475139143489402,0.0009933356195688248,0.0164576917886734,1.0,1.0,1.0
970,35.72931858456007,0.9552144781254824,0.0002672231348697096,0.014270782470703125,1.0,1.0,1.0
971,38.21618721134748,0.9769324644615776,0.00015061671729199588,0.015817835927009583,1.0,1.0,1.0
972,32.734748750256514,0.9385059449496853,0.0005321703501977026,0.014902843162417412,1.0,1.0,1.0
973,31.0000506683129,0.933586142788054,0.0007755141705274582,0.011361761018633842,1.0,1.0,1.0
974,40.63386879357754,0.9822839679825047,8.635377162136137e-05,0.011694042012095451,1.0,1.0,1.0
975,39.47442083818377,0.9786379350074428,0.00011275795986875892,0.015518970787525177,1.0,1.0,1.0
976,39.454763212792095,0.972889254552046,0.00011323063517920673,0.014836553484201431,1.0,1.0,1.0
977,39.692694580745936,0.9554518912798726,0.00010729447240009904,0.015149403363466263,1.0,1.0,1.0
978,38.1018911182721,0.9533707906095114,0.00015454774256795645,0.011132472194731236,1.0,1.0,1.0
979,42.52526776699197,0.9763382131923893,5.585208782576956e-05,0.014357891865074635,1.0,1.0,1.0
980,36.366517608271025,0.9795931329791144,0.00021702374215237796,0.016590457409620285,1.0,1.0,1.0
981,30.242562225836632,0.9299374651875043,0.0009147145319730043,0.019254423677921295,1.0,1.0,1.0
982,35.11159325164325,0.9655644801455877,0.0003021355369128287,0.01804920844733715,1.0,1.0,1.0
983,37.88456394907118,0.9668553210794926,0.0001627151941647753,0.012893463484942913,1.0,1.0,1.0
984,29.075198226313603,0.9187986279700348,0.0012304253177717328,0.023277264088392258,1.0,1.0,1.0
985,32.530723165842154,0.9178475176913604,0.0005551956128329039,0.015211773104965687,1.0,1.0,1.0
986,37.83846419686304,0.9566226510563625,0.00016402476467192173,0.01891224831342697,1.0,1.0,1.0
987,33.02520886606868,0.9069854336371693,0.0004976760246790946,0.016720294952392578,1.0,1.0,1.0
988,30.666571309855264,0.942913876160195,0.0008188249194063246,0.018834607675671577,1.0,1.0,1.0
989,41.350555731961656,0.9780199661527994,7.324140460696071e-05,0.012940307147800922,1.0,1.0,1.0
990,35.29807661581521,0.9824744864483244,0.00029309900128282607,0.020931513980031013,1.0,1.0,1.0
991,34.79501913515105,0.9689849765415777,0.0002960677957162261,0.018716739490628242,1.0,1.0,1.0
992,35.373646279497336,0.9386411061523899,0.00028886215295642614,0.013482448644936085,1.0,1.0,1.0
993,39.878901043487296,0.9771463184149396,0.00010277188994223252,0.011390403844416142,1.0,1.0,1.0
994,35.465673409117755,0.9755007634006664,0.0002824979310389608,0.014628630131483078,1.0,1.0,1.0
995,36.71513755588642,0.9778215948672979,0.0002086796157527715,0.02007872611284256,1.0,1.0,1.0
996,33.97675598881388,0.9601807492420892,0.00039442136767320335,0.02143404260277748,1.0,1.0,1.0
997,33.54082137874013,0.9518178554695826,0.0004414699214976281,0.01841011457145214,1.0,1.0,1.0
998,32.74917302606162,0.9521295178308699,0.0005298916366882622,0.018774745985865593,1.0,1.0,1.0
999,35.00894848147638,0.9184601610685988,0.0003147331590298563,0.013539893552660942,1.0,1.0,1.0
